id,nombre,clasificacion_origen,problema_previo,correccion_aplicada,release_status_final,limite_pendiente
REC-BOUQUET-GARNI,Bouquet garni clásico,D/P1,Fórmula y proceso no defendían bouquet clásico; incluía estragón y faltaba tomillo.,Sustituido por ramillete docente perejil-tomillo-laurel con puerro opcional; proceso de atado y retirada.,pendiente,No validar hasta prueba/uso en fondos.
REC-SALSA-BRAVA,Salsa brava,D/P1,Picante no explícito; proceso genérico.,Añadido pimentón picante y proceso de sofrito/pimentón fuera del fuego/reducción.,pendiente,Ajustar grado de picante en aula.
REC-SALSA-TARTARA,Salsa tártara,D/P1,Salsa fría RTE con mayonesa; APPCC genérico.,Reformulada con guarniciones finas y APPCC de cadena de frío/huevo/mostaza.,pendiente,Vida útil según APPCC del centro.
REC-SOFRITO-BASE,Sofrito de hortalizas,B/P1,Fórmula con girasol mientras proceso hablaba de aceite de oliva.,Unificada grasa a aceite de oliva virgen; proceso y APPCC ajustados.,pendiente,Rendimiento de concentración no validado.
REC-SALSA-CHORON,Salsa choron,C/P1,Servicio/conservación demasiado genérico para emulsión templada con huevo.,"Servicio inmediato, no reutilización, APPCC específico de holandesa/choron.",pendiente,Estabilidad y tiempo seguro de pase por prueba.
REC-FUMET-PESCADO,Fumet de pescado clásico,C/P1,Alta recursividad; rendimiento y conservación pendientes.,"Refuerzo de proceso, APPCC, alérgeno pescado y colado/enfriamiento.",pendiente,Volumen final y vida útil no validados.
REC-FONDO-OSCURO-TERNERA,Fondo oscuro de ternera,C/P1,Alta recursividad; tostado/reducción/enfriamiento pendientes.,"Refuerzo de proceso de tostado, desglasado, desgrasado y APPCC.",pendiente,Concentración final no validada.
REC-FONDO-BLANCO-AVE,Fondo blanco de ave,C/P1,Alta recursividad; enfriamiento y evaporación pendientes.,"Refuerzo de blanqueado opcional, cocción suave, colado y APPCC.",pendiente,Volumen final no validado.
REC-SALSA-TOMATE,Salsa de tomate,B/P1,Base recursiva con reducción/acidez/rendimiento pendientes.,"Refuerzo de proceso, textura según destino, APPCC y trazabilidad.",pendiente,Reducción real y rendimiento no validados.
