bloque,recipe_kind,id,name,risk_family,direct_allergens,derived_allergens,action,source
DATA7,culinary,REC-AJOARRIERO-BACALAO,Bacalao ajoarriero,pescado/marisco/anisakis,Pescado,,homogeneización APPCC/alérgenos por familia; proveedor prevalece,852/2004; 2073/2005; 1169/2011; RD 1021/2022; AESAN si procede
DATA7,culinary,REC-AJOBLANCO,Ajoblanco,general,Gluten | Frutos de cáscara,,homogeneización APPCC/alérgenos por familia; proveedor prevalece,852/2004; 2073/2005; 1169/2011; RD 1021/2022; AESAN si procede
DATA7,culinary,REC-ALBONDIGAS-SALSA-ESPANOLA,Albóndigas en salsa española,huevo/emulsiones,Gluten | Huevos | Leche,,homogeneización APPCC/alérgenos por familia; proveedor prevalece,852/2004; 2073/2005; 1169/2011; RD 1021/2022; AESAN si procede
DATA7,culinary,REC-APPLE-CRUMBLE,Crumble de manzana,lácteos/postres fríos,Gluten | Leche | Frutos de cáscara,,homogeneización APPCC/alérgenos por familia; proveedor prevalece,852/2004; 2073/2005; 1169/2011; RD 1021/2022; AESAN si procede
DATA7,culinary,REC-ARROZ-HORNO,Arroz al horno,cereales cocidos,,,homogeneización APPCC/alérgenos por familia; proveedor prevalece,852/2004; 2073/2005; 1169/2011; RD 1021/2022; AESAN si procede
DATA7,culinary,REC-ARROZ-MARINERO,Arroz marinero con fumet,pescado/marisco/anisakis,Crustáceos | Moluscos,Pescado | Sulfitos,homogeneización APPCC/alérgenos por familia; proveedor prevalece,852/2004; 2073/2005; 1169/2011; RD 1021/2022; AESAN si procede
DATA7,culinary,REC-ARROZ-NEGRO-CALAMAR,Arroz negro,huevo/emulsiones,Pescado | Moluscos,Huevos | Mostaza,homogeneización APPCC/alérgenos por familia; proveedor prevalece,852/2004; 2073/2005; 1169/2011; RD 1021/2022; AESAN si procede
DATA7,culinary,REC-ARROZ-PILAF,Arroz pilaf,cereales cocidos,Leche,,homogeneización APPCC/alérgenos por familia; proveedor prevalece,852/2004; 2073/2005; 1169/2011; RD 1021/2022; AESAN si procede
DATA7,culinary,REC-ARROZ-SENYORET,Arroz del señoret,pescado/marisco/anisakis,Crustáceos | Moluscos,,homogeneización APPCC/alérgenos por familia; proveedor prevalece,852/2004; 2073/2005; 1169/2011; RD 1021/2022; AESAN si procede
DATA7,culinary,REC-BACALAO-PILPIL,Bacalao al pil-pil,pescado/marisco/anisakis,Pescado,,homogeneización APPCC/alérgenos por familia; proveedor prevalece,852/2004; 2073/2005; 1169/2011; RD 1021/2022; AESAN si procede
DATA7,culinary,REC-BACALAO-VIZCAINA,Bacalao a la vizcaína,pescado/marisco/anisakis,Pescado,Pescado | Sulfitos,homogeneización APPCC/alérgenos por familia; proveedor prevalece,852/2004; 2073/2005; 1169/2011; RD 1021/2022; AESAN si procede
DATA7,culinary,REC-BANOFFEE,Banoffee,lácteos/postres fríos,Gluten | Leche,Leche,homogeneización APPCC/alérgenos por familia; proveedor prevalece,852/2004; 2073/2005; 1169/2011; RD 1021/2022; AESAN si procede
DATA7,culinary,REC-BECHAMEL,Salsa bechamel,lácteos/postres fríos,Gluten | Leche,,homogeneización APPCC/alérgenos por familia; proveedor prevalece,852/2004; 2073/2005; 1169/2011; RD 1021/2022; AESAN si procede
DATA7,culinary,REC-BERENJENAS-MIEL,Berenjenas fritas con miel,general,Gluten,,homogeneización APPCC/alérgenos por familia; proveedor prevalece,852/2004; 2073/2005; 1169/2011; RD 1021/2022; AESAN si procede
DATA7,culinary,REC-BICA-GALLEGA,Bica gallega,huevo/emulsiones,Gluten | Huevos | Leche,,homogeneización APPCC/alérgenos por familia; proveedor prevalece,852/2004; 2073/2005; 1169/2011; RD 1021/2022; AESAN si procede
DATA7,culinary,REC-BLANQUETA-TERNERA,Blanqueta de ternera,huevo/emulsiones,Huevos | Leche,Apio,homogeneización APPCC/alérgenos por familia; proveedor prevalece,852/2004; 2073/2005; 1169/2011; RD 1021/2022; AESAN si procede
DATA7,culinary,REC-BOLOÑESA-BASE,Salsa boloñesa,general,Sulfitos,,homogeneización APPCC/alérgenos por familia; proveedor prevalece,852/2004; 2073/2005; 1169/2011; RD 1021/2022; AESAN si procede
DATA7,culinary,REC-BOUQUET-GARNI,Bouquet garni clásico,general,,,homogeneización APPCC/alérgenos por familia; proveedor prevalece,852/2004; 2073/2005; 1169/2011; RD 1021/2022; AESAN si procede
DATA7,culinary,REC-BROWNIE-CHOCOLATE-NUECES,Brownie de chocolate y nueces,huevo/emulsiones,Gluten | Huevos | Soja | Leche | Frutos de cáscara,,homogeneización APPCC/alérgenos por familia; proveedor prevalece,852/2004; 2073/2005; 1169/2011; RD 1021/2022; AESAN si procede
DATA7,culinary,REC-CALAMARES-TINTA,Calamares en su tinta,pescado/marisco/anisakis,Sulfitos | Moluscos,Pescado | Sulfitos,homogeneización APPCC/alérgenos por familia; proveedor prevalece,852/2004; 2073/2005; 1169/2011; RD 1021/2022; AESAN si procede
DATA7,culinary,REC-CALDEIRADA-MERLUZA,Caldeirada de merluza,pescado/marisco/anisakis,Pescado,,homogeneización APPCC/alérgenos por familia; proveedor prevalece,852/2004; 2073/2005; 1169/2011; RD 1021/2022; AESAN si procede
DATA7,culinary,REC-CALDERETA-CORDERO,Caldereta de cordero,general,Gluten | Frutos de cáscara | Sulfitos,,homogeneización APPCC/alérgenos por familia; proveedor prevalece,852/2004; 2073/2005; 1169/2011; RD 1021/2022; AESAN si procede
DATA7,culinary,REC-CALDO-CORTO-PESCADO,Caldo corto para pescado,pescado/marisco/anisakis,,,homogeneización APPCC/alérgenos por familia; proveedor prevalece,852/2004; 2073/2005; 1169/2011; RD 1021/2022; AESAN si procede
DATA7,culinary,REC-CALDO-GALLEGO,Caldo gallego,general,,,homogeneización APPCC/alérgenos por familia; proveedor prevalece,852/2004; 2073/2005; 1169/2011; RD 1021/2022; AESAN si procede
DATA7,culinary,REC-CALLOS-GALLEGOS,Callos con garbanzos,general,,,homogeneización APPCC/alérgenos por familia; proveedor prevalece,852/2004; 2073/2005; 1169/2011; RD 1021/2022; AESAN si procede
DATA7,culinary,REC-CANAS-CREMA,Cañas fritas rellenas de crema,huevo/emulsiones,Gluten | Huevos | Leche | Sulfitos,Huevos | Leche,homogeneización APPCC/alérgenos por familia; proveedor prevalece,852/2004; 2073/2005; 1169/2011; RD 1021/2022; AESAN si procede
DATA7,culinary,REC-CARRILLERAS-VINO-TINTO,Carrilleras de ternera al vino tinto,general,Gluten | Apio | Sulfitos,Sulfitos,homogeneización APPCC/alérgenos por familia; proveedor prevalece,852/2004; 2073/2005; 1169/2011; RD 1021/2022; AESAN si procede
DATA7,culinary,REC-CEVICHE-CORVINA,Ceviche de corvina,pescado/marisco/anisakis,Pescado,,homogeneización APPCC/alérgenos por familia; proveedor prevalece,852/2004; 2073/2005; 1169/2011; RD 1021/2022; AESAN si procede
DATA7,culinary,REC-CHAMPINONES-SALTEADOS,Champiñones salteados,general,,,homogeneización APPCC/alérgenos por familia; proveedor prevalece,852/2004; 2073/2005; 1169/2011; RD 1021/2022; AESAN si procede
DATA7,culinary,REC-CHOCOS-ARROZ,Arroz con chocos,pescado/marisco/anisakis,Moluscos,Pescado | Sulfitos,homogeneización APPCC/alérgenos por familia; proveedor prevalece,852/2004; 2073/2005; 1169/2011; RD 1021/2022; AESAN si procede
DATA7,culinary,REC-CHURROS,Churros,general,Gluten,,homogeneización APPCC/alérgenos por familia; proveedor prevalece,852/2004; 2073/2005; 1169/2011; RD 1021/2022; AESAN si procede
DATA7,culinary,REC-COCIDO-MADRILENO,Cocido madrileño,general,,,homogeneización APPCC/alérgenos por familia; proveedor prevalece,852/2004; 2073/2005; 1169/2011; RD 1021/2022; AESAN si procede
DATA7,culinary,REC-COCIDO-MONTANES,Cocido montañés,general,,,homogeneización APPCC/alérgenos por familia; proveedor prevalece,852/2004; 2073/2005; 1169/2011; RD 1021/2022; AESAN si procede
DATA7,culinary,REC-COQ-AU-VIN,Coq au vin,general,Gluten | Sulfitos,Apio | Sulfitos,homogeneización APPCC/alérgenos por familia; proveedor prevalece,852/2004; 2073/2005; 1169/2011; RD 1021/2022; AESAN si procede
DATA7,culinary,REC-CORDERO-CHILINDRON,Cordero al chilindrón,general,Sulfitos,,homogeneización APPCC/alérgenos por familia; proveedor prevalece,852/2004; 2073/2005; 1169/2011; RD 1021/2022; AESAN si procede
DATA7,culinary,REC-CORDON-BLEU-POLLO,Cordon bleu de pollo,huevo/emulsiones,Gluten | Huevos | Leche,,homogeneización APPCC/alérgenos por familia; proveedor prevalece,852/2004; 2073/2005; 1169/2011; RD 1021/2022; AESAN si procede
DATA7,culinary,REC-COULANT-CHOCOLATE,Coulant de chocolate,huevo/emulsiones,Gluten | Huevos | Soja | Leche,,homogeneización APPCC/alérgenos por familia; proveedor prevalece,852/2004; 2073/2005; 1169/2011; RD 1021/2022; AESAN si procede
DATA7,culinary,REC-CREMA-CALABAZA,Crema de calabaza,lácteos/postres fríos,Leche,,homogeneización APPCC/alérgenos por familia; proveedor prevalece,852/2004; 2073/2005; 1169/2011; RD 1021/2022; AESAN si procede
DATA7,culinary,REC-CREME-BRULEE,Crème brûlée,huevo/emulsiones,Huevos | Leche,,homogeneización APPCC/alérgenos por familia; proveedor prevalece,852/2004; 2073/2005; 1169/2011; RD 1021/2022; AESAN si procede
DATA7,culinary,REC-CROQUETAS-JAMON,Croquetas de jamón,huevo/emulsiones,Gluten | Huevos,Gluten | Leche,homogeneización APPCC/alérgenos por familia; proveedor prevalece,852/2004; 2073/2005; 1169/2011; RD 1021/2022; AESAN si procede
DATA7,culinary,REC-DEMI-GLACE,Demi-glace,general,,Sulfitos,homogeneización APPCC/alérgenos por familia; proveedor prevalece,852/2004; 2073/2005; 1169/2011; RD 1021/2022; AESAN si procede
DATA7,culinary,REC-DUXELLES,Duxelles de champiñón,lácteos/postres fríos,Leche,,homogeneización APPCC/alérgenos por familia; proveedor prevalece,852/2004; 2073/2005; 1169/2011; RD 1021/2022; AESAN si procede
DATA7,culinary,REC-EMPANADA-GALLEGA-ATUN,Empanada gallega de atún,huevo/emulsiones,Gluten | Huevos | Pescado,,homogeneización APPCC/alérgenos por familia; proveedor prevalece,852/2004; 2073/2005; 1169/2011; RD 1021/2022; AESAN si procede
DATA7,culinary,REC-ENSALADILLA-RUSA,Ensaladilla rusa,huevo/emulsiones,Huevos | Pescado,Huevos | Mostaza,homogeneización APPCC/alérgenos por familia; proveedor prevalece,852/2004; 2073/2005; 1169/2011; RD 1021/2022; AESAN si procede
DATA7,culinary,REC-ESCALIVADA,Escalivada,general,,,homogeneización APPCC/alérgenos por familia; proveedor prevalece,852/2004; 2073/2005; 1169/2011; RD 1021/2022; AESAN si procede
DATA7,culinary,REC-ESCUDELLA,Escudella i carn d'olla,huevo/emulsiones,Gluten | Huevos | Leche,,homogeneización APPCC/alérgenos por familia; proveedor prevalece,852/2004; 2073/2005; 1169/2011; RD 1021/2022; AESAN si procede
DATA7,culinary,REC-FABADA-ASTURIANA,Fabada asturiana,general,,,homogeneización APPCC/alérgenos por familia; proveedor prevalece,852/2004; 2073/2005; 1169/2011; RD 1021/2022; AESAN si procede
DATA7,culinary,REC-FABES-ALMEJAS,Fabes con almejas,pescado/marisco/anisakis,Sulfitos | Moluscos,,homogeneización APPCC/alérgenos por familia; proveedor prevalece,852/2004; 2073/2005; 1169/2011; RD 1021/2022; AESAN si procede
DATA7,culinary,REC-FALAFEL,Falafel,general,,,homogeneización APPCC/alérgenos por familia; proveedor prevalece,852/2004; 2073/2005; 1169/2011; RD 1021/2022; AESAN si procede
DATA7,culinary,REC-FIDEUA-MARISCO,Fideuá de marisco,pescado/marisco/anisakis,Gluten | Crustáceos | Moluscos,Pescado | Sulfitos,homogeneización APPCC/alérgenos por familia; proveedor prevalece,852/2004; 2073/2005; 1169/2011; RD 1021/2022; AESAN si procede
DATA7,culinary,REC-FILLOAS-LECHE,Filloas de leche,huevo/emulsiones,Gluten | Huevos | Leche,,homogeneización APPCC/alérgenos por familia; proveedor prevalece,852/2004; 2073/2005; 1169/2011; RD 1021/2022; AESAN si procede
DATA7,culinary,REC-FOCACCIA,Focaccia,general,Gluten,,homogeneización APPCC/alérgenos por familia; proveedor prevalece,852/2004; 2073/2005; 1169/2011; RD 1021/2022; AESAN si procede
DATA7,culinary,REC-FONDO-BLANCO-AVE,Fondo blanco de ave,general,,Apio,homogeneización APPCC/alérgenos por familia; proveedor prevalece,852/2004; 2073/2005; 1169/2011; RD 1021/2022; AESAN si procede
DATA7,culinary,REC-FONDO-OSCURO-TERNERA,Fondo oscuro de ternera,general,Sulfitos,Apio,homogeneización APPCC/alérgenos por familia; proveedor prevalece,852/2004; 2073/2005; 1169/2011; RD 1021/2022; AESAN si procede
DATA7,culinary,REC-FRICANDO,Fricandó de ternera,general,Gluten | Frutos de cáscara | Sulfitos,Sulfitos,homogeneización APPCC/alérgenos por familia; proveedor prevalece,852/2004; 2073/2005; 1169/2011; RD 1021/2022; AESAN si procede
DATA7,culinary,REC-FUMET-PESCADO,Fumet de pescado clásico,pescado/marisco/anisakis,Pescado | Sulfitos,Apio,homogeneización APPCC/alérgenos por familia; proveedor prevalece,852/2004; 2073/2005; 1169/2011; RD 1021/2022; AESAN si procede
DATA7,culinary,REC-GALLETAS-MANTEQUILLA,Galletas de mantequilla,huevo/emulsiones,Gluten | Huevos | Leche,,homogeneización APPCC/alérgenos por familia; proveedor prevalece,852/2004; 2073/2005; 1169/2011; RD 1021/2022; AESAN si procede
DATA7,culinary,REC-GAZPACHO-ANDALUZ,Gazpacho andaluz,lácteos/postres fríos,Gluten | Leche,,homogeneización APPCC/alérgenos por familia; proveedor prevalece,852/2004; 2073/2005; 1169/2011; RD 1021/2022; AESAN si procede
DATA7,culinary,REC-GOFIO-ESCALDADO,Gofio escaldado,general,Gluten,,homogeneización APPCC/alérgenos por familia; proveedor prevalece,852/2004; 2073/2005; 1169/2011; RD 1021/2022; AESAN si procede
DATA7,culinary,REC-GUACAMOLE,Guacamole,general,,,homogeneización APPCC/alérgenos por familia; proveedor prevalece,852/2004; 2073/2005; 1169/2011; RD 1021/2022; AESAN si procede
DATA7,culinary,REC-HOLANDESA,Salsa holandesa,huevo/emulsiones,Huevos | Leche,,homogeneización APPCC/alérgenos por familia; proveedor prevalece,852/2004; 2073/2005; 1169/2011; RD 1021/2022; AESAN si procede
DATA7,culinary,REC-HUEVOS-BENEDICTINOS-CLASICOS,Huevos benedictinos,huevo/emulsiones,Gluten | Huevos | Leche,Huevos | Leche,homogeneización APPCC/alérgenos por familia; proveedor prevalece,852/2004; 2073/2005; 1169/2011; RD 1021/2022; AESAN si procede
DATA7,culinary,REC-HUEVOS-ROTOS-JAMON,Huevos rotos con jamón,huevo/emulsiones,Huevos,,homogeneización APPCC/alérgenos por familia; proveedor prevalece,852/2004; 2073/2005; 1169/2011; RD 1021/2022; AESAN si procede
DATA7,culinary,REC-HUMMUS,Hummus de garbanzo,general,Sésamo,,homogeneización APPCC/alérgenos por familia; proveedor prevalece,852/2004; 2073/2005; 1169/2011; RD 1021/2022; AESAN si procede
DATA7,culinary,REC-JUDIONES-GRANJA,Judiones de la granja,general,Gluten,,homogeneización APPCC/alérgenos por familia; proveedor prevalece,852/2004; 2073/2005; 1169/2011; RD 1021/2022; AESAN si procede
DATA7,culinary,REC-LACON-GRELOS,Lacón con grelos,general,,,homogeneización APPCC/alérgenos por familia; proveedor prevalece,852/2004; 2073/2005; 1169/2011; RD 1021/2022; AESAN si procede
DATA7,culinary,REC-LASAÑA-BOLOÑESA-CLASICA,Lasaña boloñesa,cereales cocidos,Gluten | Leche,Gluten | Leche | Sulfitos,homogeneización APPCC/alérgenos por familia; proveedor prevalece,852/2004; 2073/2005; 1169/2011; RD 1021/2022; AESAN si procede
DATA7,culinary,REC-LECHE-FRITA,Leche frita,huevo/emulsiones,Gluten | Huevos | Leche,,homogeneización APPCC/alérgenos por familia; proveedor prevalece,852/2004; 2073/2005; 1169/2011; RD 1021/2022; AESAN si procede
DATA7,culinary,REC-LENTEJAS-ESTOFADAS,Lentejas estofadas,general,,,homogeneización APPCC/alérgenos por familia; proveedor prevalece,852/2004; 2073/2005; 1169/2011; RD 1021/2022; AESAN si procede
DATA7,culinary,REC-MARMITAKO,Marmitako de bonito,pescado/marisco/anisakis,Crustáceos | Pescado | Moluscos,,homogeneización APPCC/alérgenos por familia; proveedor prevalece,852/2004; 2073/2005; 1169/2011; RD 1021/2022; AESAN si procede
DATA7,culinary,REC-MASA-EMPANADA,Masa de empanada gallega,general,Gluten,,homogeneización APPCC/alérgenos por familia; proveedor prevalece,852/2004; 2073/2005; 1169/2011; RD 1021/2022; AESAN si procede
DATA7,culinary,REC-MASA-PIZZA,Masa de pizza,general,Gluten,,homogeneización APPCC/alérgenos por familia; proveedor prevalece,852/2004; 2073/2005; 1169/2011; RD 1021/2022; AESAN si procede
DATA7,culinary,REC-MAYONESA-BASE,Mayonesa,huevo/emulsiones,Huevos | Mostaza,,homogeneización APPCC/alérgenos por familia; proveedor prevalece,852/2004; 2073/2005; 1169/2011; RD 1021/2022; AESAN si procede
DATA7,culinary,REC-MEJILLONES-ESCABECHE,Mejillones en escabeche,pescado/marisco/anisakis,Moluscos,,homogeneización APPCC/alérgenos por familia; proveedor prevalece,852/2004; 2073/2005; 1169/2011; RD 1021/2022; AESAN si procede
DATA7,culinary,REC-MEJILLONES-TIGRE,Mejillones tigre,huevo/emulsiones,Gluten | Huevos | Moluscos,Gluten | Leche,homogeneización APPCC/alérgenos por familia; proveedor prevalece,852/2004; 2073/2005; 1169/2011; RD 1021/2022; AESAN si procede
DATA7,culinary,REC-MENESTRA-VERDURAS,Menestra de verduras,general,Gluten,,homogeneización APPCC/alérgenos por familia; proveedor prevalece,852/2004; 2073/2005; 1169/2011; RD 1021/2022; AESAN si procede
DATA7,culinary,REC-MERLUZA-GALLEGA,Merluza a la gallega,pescado/marisco/anisakis,Pescado,,homogeneización APPCC/alérgenos por familia; proveedor prevalece,852/2004; 2073/2005; 1169/2011; RD 1021/2022; AESAN si procede
DATA7,culinary,REC-MERLUZA-SALSA-VERDE-CLASICA,Merluza en salsa verde,pescado/marisco/anisakis,Gluten | Pescado | Sulfitos | Moluscos,Pescado | Sulfitos,homogeneización APPCC/alérgenos por familia; proveedor prevalece,852/2004; 2073/2005; 1169/2011; RD 1021/2022; AESAN si procede
DATA7,culinary,REC-MIGAS-EXTREMENAS,Migas extremeñas,huevo/emulsiones,Gluten | Huevos,,homogeneización APPCC/alérgenos por familia; proveedor prevalece,852/2004; 2073/2005; 1169/2011; RD 1021/2022; AESAN si procede
DATA7,culinary,REC-MIREPOIX-BLANCA,Mirepoix blanca,general,Apio,,homogeneización APPCC/alérgenos por familia; proveedor prevalece,852/2004; 2073/2005; 1169/2011; RD 1021/2022; AESAN si procede
DATA7,culinary,REC-MIREPOIX-OSCURA,Mirepoix oscura,general,Apio,,homogeneización APPCC/alérgenos por familia; proveedor prevalece,852/2004; 2073/2005; 1169/2011; RD 1021/2022; AESAN si procede
DATA7,culinary,REC-MUFFINS-ARANDANOS,Muffins de arándanos,huevo/emulsiones,Gluten | Huevos | Leche,,homogeneización APPCC/alérgenos por familia; proveedor prevalece,852/2004; 2073/2005; 1169/2011; RD 1021/2022; AESAN si procede
DATA7,culinary,REC-OLLA-GITANA,Olla gitana,general,Gluten | Frutos de cáscara,,homogeneización APPCC/alérgenos por familia; proveedor prevalece,852/2004; 2073/2005; 1169/2011; RD 1021/2022; AESAN si procede
DATA7,culinary,REC-OREJA-GALLEGA,Oreja a la gallega,general,,,homogeneización APPCC/alérgenos por familia; proveedor prevalece,852/2004; 2073/2005; 1169/2011; RD 1021/2022; AESAN si procede
DATA7,culinary,REC-OREJAS-CARNAVAL,Orejas de carnaval,huevo/emulsiones,Gluten | Huevos | Leche | Sulfitos,,homogeneización APPCC/alérgenos por familia; proveedor prevalece,852/2004; 2073/2005; 1169/2011; RD 1021/2022; AESAN si procede
DATA7,culinary,REC-PAD-THAI,Pad thai de langostinos,huevo/emulsiones,Crustáceos | Huevos | Pescado | Cacahuetes | Soja,,homogeneización APPCC/alérgenos por familia; proveedor prevalece,852/2004; 2073/2005; 1169/2011; RD 1021/2022; AESAN si procede
DATA7,culinary,REC-PAELLA-VALENCIANA,Paella valenciana,general,,,homogeneización APPCC/alérgenos por familia; proveedor prevalece,852/2004; 2073/2005; 1169/2011; RD 1021/2022; AESAN si procede
DATA7,culinary,REC-PAN-BASICO,Pan común,general,Gluten,,homogeneización APPCC/alérgenos por familia; proveedor prevalece,852/2004; 2073/2005; 1169/2011; RD 1021/2022; AESAN si procede
DATA7,culinary,REC-PAN-GALLEGO,Pan gallego básico,general,Gluten,,homogeneización APPCC/alérgenos por familia; proveedor prevalece,852/2004; 2073/2005; 1169/2011; RD 1021/2022; AESAN si procede
DATA7,culinary,REC-PAPAS-ARRUGADAS-MOJO,Papas arrugadas con mojo picón,general,,,homogeneización APPCC/alérgenos por familia; proveedor prevalece,852/2004; 2073/2005; 1169/2011; RD 1021/2022; AESAN si procede
DATA7,culinary,REC-PAST-ALMIBAR-30,Almíbar 30 °Brix orientativo para calar,general,,,homogeneización APPCC/alérgenos por familia; proveedor prevalece,852/2004; 2073/2005; 1169/2011; RD 1021/2022; AESAN si procede
DATA7,culinary,REC-PAST-ARROZ-LECHE,Arroz con leche cremoso,cereales cocidos,Leche,,homogeneización APPCC/alérgenos por familia; proveedor prevalece,852/2004; 2073/2005; 1169/2011; RD 1021/2022; AESAN si procede
DATA7,culinary,REC-PAST-BAVAROISE-VAINILLA,Bavaroise de vainilla,huevo/emulsiones,Pescado | Leche,Huevos | Leche,homogeneización APPCC/alérgenos por familia; proveedor prevalece,852/2004; 2073/2005; 1169/2011; RD 1021/2022; AESAN si procede
DATA7,culinary,REC-PAST-BIZCOCHO-PLANCHA,Bizcocho plancha para enrollar,huevo/emulsiones,Gluten | Huevos,,homogeneización APPCC/alérgenos por familia; proveedor prevalece,852/2004; 2073/2005; 1169/2011; RD 1021/2022; AESAN si procede
DATA7,culinary,REC-PAST-BRAZO-GITANO-CREMA,Brazo de gitano de crema,huevo/emulsiones,,Gluten | Huevos | Leche,homogeneización APPCC/alérgenos por familia; proveedor prevalece,852/2004; 2073/2005; 1169/2011; RD 1021/2022; AESAN si procede
DATA7,culinary,REC-PAST-BRIOCHE,Masa brioche,huevo/emulsiones,Gluten | Huevos | Leche,,homogeneización APPCC/alérgenos por familia; proveedor prevalece,852/2004; 2073/2005; 1169/2011; RD 1021/2022; AESAN si procede
DATA7,culinary,REC-PAST-CHANTILLY,Crema chantilly,lácteos/postres fríos,Leche,,homogeneización APPCC/alérgenos por familia; proveedor prevalece,852/2004; 2073/2005; 1169/2011; RD 1021/2022; AESAN si procede
DATA7,culinary,REC-PAST-CHEESECAKE-FRIO,Tarta fría de queso,huevo/emulsiones,Gluten | Huevos | Pescado | Leche,,homogeneización APPCC/alérgenos por familia; proveedor prevalece,852/2004; 2073/2005; 1169/2011; RD 1021/2022; AESAN si procede
DATA7,culinary,REC-PAST-CHOUX,Pasta choux,huevo/emulsiones,Gluten | Huevos | Leche,,homogeneización APPCC/alérgenos por familia; proveedor prevalece,852/2004; 2073/2005; 1169/2011; RD 1021/2022; AESAN si procede
DATA7,culinary,REC-PAST-COULIS-FRESA,Coulis de fresa,general,,,homogeneización APPCC/alérgenos por familia; proveedor prevalece,852/2004; 2073/2005; 1169/2011; RD 1021/2022; AESAN si procede
DATA7,culinary,REC-PAST-CREMA-CATALANA,Crema catalana,huevo/emulsiones,Huevos | Leche,,homogeneización APPCC/alérgenos por familia; proveedor prevalece,852/2004; 2073/2005; 1169/2011; RD 1021/2022; AESAN si procede
DATA7,culinary,REC-PAST-CREMA-INGLESA,Crema inglesa,huevo/emulsiones,Huevos | Leche,,homogeneización APPCC/alérgenos por familia; proveedor prevalece,852/2004; 2073/2005; 1169/2011; RD 1021/2022; AESAN si procede
DATA7,culinary,REC-PAST-CREMA-MANTEQUILLA,Crema de mantequilla,lácteos/postres fríos,Leche,,homogeneización APPCC/alérgenos por familia; proveedor prevalece,852/2004; 2073/2005; 1169/2011; RD 1021/2022; AESAN si procede
DATA7,culinary,REC-PAST-CREMA-PASTELERA,Crema pastelera,huevo/emulsiones,Huevos | Leche,,homogeneización APPCC/alérgenos por familia; proveedor prevalece,852/2004; 2073/2005; 1169/2011; RD 1021/2022; AESAN si procede
DATA7,culinary,REC-PAST-CROISSANT,Masa de croissant,lácteos/postres fríos,Gluten | Leche,,homogeneización APPCC/alérgenos por familia; proveedor prevalece,852/2004; 2073/2005; 1169/2011; RD 1021/2022; AESAN si procede
DATA7,culinary,REC-PAST-FLAN-HUEVO,Flan de huevo,huevo/emulsiones,Huevos | Leche,,homogeneización APPCC/alérgenos por familia; proveedor prevalece,852/2004; 2073/2005; 1169/2011; RD 1021/2022; AESAN si procede
DATA7,culinary,REC-PAST-FRAISIER-CREMA-FRESA,Fraisier de crema y fresa,huevo/emulsiones,,Gluten | Huevos | Leche,homogeneización APPCC/alérgenos por familia; proveedor prevalece,852/2004; 2073/2005; 1169/2011; RD 1021/2022; AESAN si procede
DATA7,culinary,REC-PAST-GANACHE-NEGRA,Ganache negra para relleno y cobertura,lácteos/postres fríos,Leche,,homogeneización APPCC/alérgenos por familia; proveedor prevalece,852/2004; 2073/2005; 1169/2011; RD 1021/2022; AESAN si procede
DATA7,culinary,REC-PAST-GENOVES,Bizcocho genovés,huevo/emulsiones,Gluten | Huevos | Leche,,homogeneización APPCC/alérgenos por familia; proveedor prevalece,852/2004; 2073/2005; 1169/2011; RD 1021/2022; AESAN si procede
DATA7,culinary,REC-PAST-HOJALDRE-BASE,Hojaldre,lácteos/postres fríos,Gluten | Leche,,homogeneización APPCC/alérgenos por familia; proveedor prevalece,852/2004; 2073/2005; 1169/2011; RD 1021/2022; AESAN si procede
DATA7,culinary,REC-PAST-LEMON-PIE,Tarta de limón y merengue,huevo/emulsiones,,Gluten | Huevos | Leche,homogeneización APPCC/alérgenos por familia; proveedor prevalece,852/2004; 2073/2005; 1169/2011; RD 1021/2022; AESAN si procede
DATA7,culinary,REC-PAST-MAGDALENA,Masa de magdalena clásica,huevo/emulsiones,Gluten | Huevos | Leche,,homogeneización APPCC/alérgenos por familia; proveedor prevalece,852/2004; 2073/2005; 1169/2011; RD 1021/2022; AESAN si procede
DATA7,culinary,REC-PAST-MANZANA-COMPOTA,Compota de manzana,general,,,homogeneización APPCC/alérgenos por familia; proveedor prevalece,852/2004; 2073/2005; 1169/2011; RD 1021/2022; AESAN si procede
DATA7,culinary,REC-PAST-MERENGUE-FRANCES,Merengue francés,huevo/emulsiones,Huevos,,homogeneización APPCC/alérgenos por familia; proveedor prevalece,852/2004; 2073/2005; 1169/2011; RD 1021/2022; AESAN si procede
DATA7,culinary,REC-PAST-MERENGUE-ITALIANO,Merengue italiano,huevo/emulsiones,Huevos,,homogeneización APPCC/alérgenos por familia; proveedor prevalece,852/2004; 2073/2005; 1169/2011; RD 1021/2022; AESAN si procede
DATA7,culinary,REC-PAST-MERENGUE-SUIZO,Merengue suizo,huevo/emulsiones,Huevos,,homogeneización APPCC/alérgenos por familia; proveedor prevalece,852/2004; 2073/2005; 1169/2011; RD 1021/2022; AESAN si procede
DATA7,culinary,REC-PAST-MILHOJAS-CREMA,Milhojas de crema pastelera,huevo/emulsiones,,Gluten | Huevos | Leche,homogeneización APPCC/alérgenos por familia; proveedor prevalece,852/2004; 2073/2005; 1169/2011; RD 1021/2022; AESAN si procede
DATA7,culinary,REC-PAST-MOUSSE-CHOCOLATE,Mousse de chocolate con merengue italiano,huevo/emulsiones,Leche,Huevos,homogeneización APPCC/alérgenos por familia; proveedor prevalece,852/2004; 2073/2005; 1169/2011; RD 1021/2022; AESAN si procede
DATA7,culinary,REC-PAST-NATILLAS,Natillas clásicas,huevo/emulsiones,Huevos | Leche,,homogeneización APPCC/alérgenos por familia; proveedor prevalece,852/2004; 2073/2005; 1169/2011; RD 1021/2022; AESAN si procede
DATA7,culinary,REC-PAST-OPERA-CLASICA,Tarta ópera,huevo/emulsiones,Frutos de cáscara,Gluten | Huevos | Leche,homogeneización APPCC/alérgenos por familia; proveedor prevalece,852/2004; 2073/2005; 1169/2011; RD 1021/2022; AESAN si procede
DATA7,culinary,REC-PAST-PANNA-COTTA,Panna cotta de vainilla,pescado/marisco/anisakis,Pescado | Leche,,homogeneización APPCC/alérgenos por familia; proveedor prevalece,852/2004; 2073/2005; 1169/2011; RD 1021/2022; AESAN si procede
DATA7,culinary,REC-PAST-PROFITEROLES-CHOCOLATE,Profiteroles con chantilly y chocolate,huevo/emulsiones,,Gluten | Huevos | Leche,homogeneización APPCC/alérgenos por familia; proveedor prevalece,852/2004; 2073/2005; 1169/2011; RD 1021/2022; AESAN si procede
DATA7,culinary,REC-PAST-QUEBRADA-DULCE,Pasta quebrada dulce,huevo/emulsiones,Gluten | Huevos | Leche,,homogeneización APPCC/alérgenos por familia; proveedor prevalece,852/2004; 2073/2005; 1169/2011; RD 1021/2022; AESAN si procede
DATA7,culinary,REC-PAST-SELVA-NEGRA,Tarta Selva Negra,huevo/emulsiones,Leche,Gluten | Huevos | Leche,homogeneización APPCC/alérgenos por familia; proveedor prevalece,852/2004; 2073/2005; 1169/2011; RD 1021/2022; AESAN si procede
DATA7,culinary,REC-PAST-TARTA-MANZANA,Tarta fina de manzana,huevo/emulsiones,Sulfitos,Gluten | Huevos | Leche,homogeneización APPCC/alérgenos por familia; proveedor prevalece,852/2004; 2073/2005; 1169/2011; RD 1021/2022; AESAN si procede
DATA7,culinary,REC-PAST-TARTA-MANZANA-COMPOTA,Tarta de manzana con compota y crema,huevo/emulsiones,Sulfitos,Gluten | Huevos | Leche,homogeneización APPCC/alérgenos por familia; proveedor prevalece,852/2004; 2073/2005; 1169/2011; RD 1021/2022; AESAN si procede
DATA7,culinary,REC-PAST-TARTA-MOUSSE-CHOCOLATE,Tarta mousse de chocolate,huevo/emulsiones,,Gluten | Huevos | Leche,homogeneización APPCC/alérgenos por familia; proveedor prevalece,852/2004; 2073/2005; 1169/2011; RD 1021/2022; AESAN si procede
DATA7,culinary,REC-PAST-TARTA-SAN-MARCOS,Tarta San Marcos,huevo/emulsiones,,Gluten | Huevos | Leche,homogeneización APPCC/alérgenos por familia; proveedor prevalece,852/2004; 2073/2005; 1169/2011; RD 1021/2022; AESAN si procede
DATA7,culinary,REC-PAST-TARTA-SANTIAGO,Tarta de Santiago,huevo/emulsiones,Huevos | Frutos de cáscara,,homogeneización APPCC/alérgenos por familia; proveedor prevalece,852/2004; 2073/2005; 1169/2011; RD 1021/2022; AESAN si procede
DATA7,culinary,REC-PAST-TIRAMISU,Tiramisú clásico,huevo/emulsiones,Gluten | Huevos | Leche | Sulfitos,,homogeneización APPCC/alérgenos por familia; proveedor prevalece,852/2004; 2073/2005; 1169/2011; RD 1021/2022; AESAN si procede
DATA7,culinary,REC-PATATAS-BRAVAS,Patatas bravas,huevo/emulsiones,,Huevos | Mostaza,homogeneización APPCC/alérgenos por familia; proveedor prevalece,852/2004; 2073/2005; 1169/2011; RD 1021/2022; AESAN si procede
DATA7,culinary,REC-PATATAS-PANADERA,Patatas panadera,general,Sulfitos,,homogeneización APPCC/alérgenos por familia; proveedor prevalece,852/2004; 2073/2005; 1169/2011; RD 1021/2022; AESAN si procede
DATA7,culinary,REC-PATATAS-RIOJANA,Patatas a la riojana,general,,,homogeneización APPCC/alérgenos por familia; proveedor prevalece,852/2004; 2073/2005; 1169/2011; RD 1021/2022; AESAN si procede
DATA7,culinary,REC-PATATAS-RISOLADAS,Patatas risoladas,lácteos/postres fríos,Leche,,homogeneización APPCC/alérgenos por familia; proveedor prevalece,852/2004; 2073/2005; 1169/2011; RD 1021/2022; AESAN si procede
DATA7,culinary,REC-PAVLOVA-FRUTOS-ROJOS,Pavlova de frutos rojos,huevo/emulsiones,,Huevos | Leche,homogeneización APPCC/alérgenos por familia; proveedor prevalece,852/2004; 2073/2005; 1169/2011; RD 1021/2022; AESAN si procede
DATA7,culinary,REC-PECHUGA-VILLAROY,Pechuga villeroy,huevo/emulsiones,Gluten | Huevos,Gluten | Leche,homogeneización APPCC/alérgenos por familia; proveedor prevalece,852/2004; 2073/2005; 1169/2011; RD 1021/2022; AESAN si procede
DATA7,culinary,REC-PESTO-GENOVES,Pesto genovés,lácteos/postres fríos,Leche | Frutos de cáscara,,homogeneización APPCC/alérgenos por familia; proveedor prevalece,852/2004; 2073/2005; 1169/2011; RD 1021/2022; AESAN si procede
DATA7,culinary,REC-PICADA-AJO-PEREJIL,Picada de ajo y perejil,general,,,homogeneización APPCC/alérgenos por familia; proveedor prevalece,852/2004; 2073/2005; 1169/2011; RD 1021/2022; AESAN si procede
DATA7,culinary,REC-PIPIRRANA-JAEN,Pipirrana,huevo/emulsiones,Huevos,,homogeneización APPCC/alérgenos por familia; proveedor prevalece,852/2004; 2073/2005; 1169/2011; RD 1021/2022; AESAN si procede
DATA7,culinary,REC-PIQUILLOS-RELLENOS-BACALAO,Pimientos del piquillo rellenos de bacalao,pescado/marisco/anisakis,Pescado,Gluten | Leche,homogeneización APPCC/alérgenos por familia; proveedor prevalece,852/2004; 2073/2005; 1169/2011; RD 1021/2022; AESAN si procede
DATA7,culinary,REC-PISTO-BASE,Pisto de verduras,general,,,homogeneización APPCC/alérgenos por familia; proveedor prevalece,852/2004; 2073/2005; 1169/2011; RD 1021/2022; AESAN si procede
DATA7,culinary,REC-PISTO-MANCHEGO-HUEVO,Pisto manchego con huevo,huevo/emulsiones,Huevos,,homogeneización APPCC/alérgenos por familia; proveedor prevalece,852/2004; 2073/2005; 1169/2011; RD 1021/2022; AESAN si procede
DATA7,culinary,REC-PIZZA-MARGARITA,Pizza margarita,lácteos/postres fríos,Leche,Gluten,homogeneización APPCC/alérgenos por familia; proveedor prevalece,852/2004; 2073/2005; 1169/2011; RD 1021/2022; AESAN si procede
DATA7,culinary,REC-POLLO-CHILINDRON,Pollo al chilindrón,general,Sulfitos,,homogeneización APPCC/alérgenos por familia; proveedor prevalece,852/2004; 2073/2005; 1169/2011; RD 1021/2022; AESAN si procede
DATA7,culinary,REC-POLLO-CURRY,Pollo al curry con arroz basmati,cereales cocidos,Mostaza,,homogeneización APPCC/alérgenos por familia; proveedor prevalece,852/2004; 2073/2005; 1169/2011; RD 1021/2022; AESAN si procede
DATA7,culinary,REC-POLLO-PEPITORIA-CLASICO,Pollo en pepitoria,huevo/emulsiones,Huevos | Frutos de cáscara | Sulfitos,,homogeneización APPCC/alérgenos por familia; proveedor prevalece,852/2004; 2073/2005; 1169/2011; RD 1021/2022; AESAN si procede
DATA7,culinary,REC-POLLO-TERIYAKI,Pollo teriyaki con arroz,cereales cocidos,Gluten | Soja | Sésamo,,homogeneización APPCC/alérgenos por familia; proveedor prevalece,852/2004; 2073/2005; 1169/2011; RD 1021/2022; AESAN si procede
DATA7,culinary,REC-PORRUSALDA,Porrusalda,general,,,homogeneización APPCC/alérgenos por familia; proveedor prevalece,852/2004; 2073/2005; 1169/2011; RD 1021/2022; AESAN si procede
DATA7,culinary,REC-POTAJE-VIGILIA,Potaje de vigilia,huevo/emulsiones,Huevos | Pescado,,homogeneización APPCC/alérgenos por familia; proveedor prevalece,852/2004; 2073/2005; 1169/2011; RD 1021/2022; AESAN si procede
DATA7,culinary,REC-PULPO-A-FEIRA,Pulpo a feira,pescado/marisco/anisakis,Moluscos,,homogeneización APPCC/alérgenos por familia; proveedor prevalece,852/2004; 2073/2005; 1169/2011; RD 1021/2022; AESAN si procede
DATA7,culinary,REC-PURE-PATATA,Puré de patata clásico,lácteos/postres fríos,Leche,,homogeneización APPCC/alérgenos por familia; proveedor prevalece,852/2004; 2073/2005; 1169/2011; RD 1021/2022; AESAN si procede
DATA7,culinary,REC-QUICHE-LORRAINE,Quiche lorraine,huevo/emulsiones,Gluten | Huevos | Leche,,homogeneización APPCC/alérgenos por familia; proveedor prevalece,852/2004; 2073/2005; 1169/2011; RD 1021/2022; AESAN si procede
DATA7,culinary,REC-RABO-TORO,Rabo de toro estofado,general,Gluten | Sulfitos,Apio | Sulfitos,homogeneización APPCC/alérgenos por familia; proveedor prevalece,852/2004; 2073/2005; 1169/2011; RD 1021/2022; AESAN si procede
DATA7,culinary,REC-RAMEN-SHOYU,Ramen shoyu,huevo/emulsiones,Gluten | Huevos | Pescado | Soja,,homogeneización APPCC/alérgenos por familia; proveedor prevalece,852/2004; 2073/2005; 1169/2011; RD 1021/2022; AESAN si procede
DATA7,culinary,REC-RANCHO-CANARIO,Rancho canario,general,Gluten,,homogeneización APPCC/alérgenos por familia; proveedor prevalece,852/2004; 2073/2005; 1169/2011; RD 1021/2022; AESAN si procede
DATA7,culinary,REC-RATATOUILLE,Ratatouille,general,,,homogeneización APPCC/alérgenos por familia; proveedor prevalece,852/2004; 2073/2005; 1169/2011; RD 1021/2022; AESAN si procede
DATA7,culinary,REC-REVUELTO-SETAS,Revuelto cremoso de setas,huevo/emulsiones,Huevos | Leche,,homogeneización APPCC/alérgenos por familia; proveedor prevalece,852/2004; 2073/2005; 1169/2011; RD 1021/2022; AESAN si procede
DATA7,culinary,REC-RISOTTO-BOLETUS,Risotto de boletus,cereales cocidos,Leche | Sulfitos,,homogeneización APPCC/alérgenos por familia; proveedor prevalece,852/2004; 2073/2005; 1169/2011; RD 1021/2022; AESAN si procede
DATA7,culinary,REC-RISOTTO-SETAS,Risotto de setas y parmesano,cereales cocidos,Leche | Sulfitos,,homogeneización APPCC/alérgenos por familia; proveedor prevalece,852/2004; 2073/2005; 1169/2011; RD 1021/2022; AESAN si procede
DATA7,culinary,REC-RODABALLO-HORNO-PANADERA,Rodaballo al horno con patata panadera,pescado/marisco/anisakis,Pescado | Sulfitos,Pescado | Sulfitos,homogeneización APPCC/alérgenos por familia; proveedor prevalece,852/2004; 2073/2005; 1169/2011; RD 1021/2022; AESAN si procede
DATA7,culinary,REC-ROUX-BLANCO,Roux blanco,lácteos/postres fríos,Gluten | Leche,,homogeneización APPCC/alérgenos por familia; proveedor prevalece,852/2004; 2073/2005; 1169/2011; RD 1021/2022; AESAN si procede
DATA7,culinary,REC-ROUX-OSCURO,Roux oscuro,lácteos/postres fríos,Gluten | Leche,,homogeneización APPCC/alérgenos por familia; proveedor prevalece,852/2004; 2073/2005; 1169/2011; RD 1021/2022; AESAN si procede
DATA7,culinary,REC-ROUX-RUBIO,Roux rubio,lácteos/postres fríos,Gluten | Leche,,homogeneización APPCC/alérgenos por familia; proveedor prevalece,852/2004; 2073/2005; 1169/2011; RD 1021/2022; AESAN si procede
DATA7,culinary,REC-SALMON-HOLANDESA-ESPARRAGOS,Salmón con holandesa y espárragos,huevo/emulsiones,Pescado,Huevos | Leche,homogeneización APPCC/alérgenos por familia; proveedor prevalece,852/2004; 2073/2005; 1169/2011; RD 1021/2022; AESAN si procede
DATA7,culinary,REC-SALMOREJO-CORDOBES,Salmorejo cordobés,huevo/emulsiones,Gluten | Huevos | Leche,,homogeneización APPCC/alérgenos por familia; proveedor prevalece,852/2004; 2073/2005; 1169/2011; RD 1021/2022; AESAN si procede
DATA7,culinary,REC-SALSA-AURORA,Salsa aurora,lácteos/postres fríos,,Gluten | Leche,homogeneización APPCC/alérgenos por familia; proveedor prevalece,852/2004; 2073/2005; 1169/2011; RD 1021/2022; AESAN si procede
DATA7,culinary,REC-SALSA-BEARNESA,Salsa bearnesa,huevo/emulsiones,Huevos | Leche | Sulfitos,,homogeneización APPCC/alérgenos por familia; proveedor prevalece,852/2004; 2073/2005; 1169/2011; RD 1021/2022; AESAN si procede
DATA7,culinary,REC-SALSA-BERCY-PESCADO,Salsa bercy para pescado,pescado/marisco/anisakis,Leche | Sulfitos,,homogeneización APPCC/alérgenos por familia; proveedor prevalece,852/2004; 2073/2005; 1169/2011; RD 1021/2022; AESAN si procede
DATA7,culinary,REC-SALSA-BRAVA,Salsa brava,general,,,homogeneización APPCC/alérgenos por familia; proveedor prevalece,852/2004; 2073/2005; 1169/2011; RD 1021/2022; AESAN si procede
DATA7,culinary,REC-SALSA-CHORON,Salsa choron,huevo/emulsiones,,Huevos | Leche,homogeneización APPCC/alérgenos por familia; proveedor prevalece,852/2004; 2073/2005; 1169/2011; RD 1021/2022; AESAN si procede
DATA7,culinary,REC-SALSA-ESPANOLA,Salsa española,lácteos/postres fríos,,Gluten | Leche | Sulfitos,homogeneización APPCC/alérgenos por familia; proveedor prevalece,852/2004; 2073/2005; 1169/2011; RD 1021/2022; AESAN si procede
DATA7,culinary,REC-SALSA-MADEIRA,Salsa madeira,lácteos/postres fríos,Leche | Sulfitos,,homogeneización APPCC/alérgenos por familia; proveedor prevalece,852/2004; 2073/2005; 1169/2011; RD 1021/2022; AESAN si procede
DATA7,culinary,REC-SALSA-MORNAY,Salsa mornay,lácteos/postres fríos,Leche,Gluten | Leche,homogeneización APPCC/alérgenos por familia; proveedor prevalece,852/2004; 2073/2005; 1169/2011; RD 1021/2022; AESAN si procede
DATA7,culinary,REC-SALSA-SOUBISE,Salsa soubise,lácteos/postres fríos,Leche,Gluten | Leche,homogeneización APPCC/alérgenos por familia; proveedor prevalece,852/2004; 2073/2005; 1169/2011; RD 1021/2022; AESAN si procede
DATA7,culinary,REC-SALSA-SUPREMA,Salsa suprema,lácteos/postres fríos,Leche,,homogeneización APPCC/alérgenos por familia; proveedor prevalece,852/2004; 2073/2005; 1169/2011; RD 1021/2022; AESAN si procede
DATA7,culinary,REC-SALSA-TARTARA,Salsa tártara,huevo/emulsiones,Mostaza | Sulfitos,Huevos | Mostaza,homogeneización APPCC/alérgenos por familia; proveedor prevalece,852/2004; 2073/2005; 1169/2011; RD 1021/2022; AESAN si procede
DATA7,culinary,REC-SALSA-TOMATE,Salsa de tomate,general,,,homogeneización APPCC/alérgenos por familia; proveedor prevalece,852/2004; 2073/2005; 1169/2011; RD 1021/2022; AESAN si procede
DATA7,culinary,REC-SALSA-VERDE,Salsa verde española,pescado/marisco/anisakis,Gluten | Sulfitos,Pescado | Sulfitos,homogeneización APPCC/alérgenos por familia; proveedor prevalece,852/2004; 2073/2005; 1169/2011; RD 1021/2022; AESAN si procede
DATA7,culinary,REC-SHAKSHUKA,Shakshuka,huevo/emulsiones,Huevos,,homogeneización APPCC/alérgenos por familia; proveedor prevalece,852/2004; 2073/2005; 1169/2011; RD 1021/2022; AESAN si procede
DATA7,culinary,REC-SOFRITO-BASE,Sofrito de hortalizas,general,,,homogeneización APPCC/alérgenos por familia; proveedor prevalece,852/2004; 2073/2005; 1169/2011; RD 1021/2022; AESAN si procede
DATA7,culinary,REC-SOLOMILLO-MADEIRA-PURE,Solomillo con salsa madeira y puré,lácteos/postres fríos,,Leche | Sulfitos,homogeneización APPCC/alérgenos por familia; proveedor prevalece,852/2004; 2073/2005; 1169/2011; RD 1021/2022; AESAN si procede
DATA7,culinary,REC-SOPA-CASTELLANA,Sopa castellana,huevo/emulsiones,Gluten | Huevos,,homogeneización APPCC/alérgenos por familia; proveedor prevalece,852/2004; 2073/2005; 1169/2011; RD 1021/2022; AESAN si procede
DATA7,culinary,REC-SPAGHETTI-CARBONARA-TRADICIONAL,Espagueti a la carbonara,huevo/emulsiones,Gluten | Huevos | Leche,,homogeneización APPCC/alérgenos por familia; proveedor prevalece,852/2004; 2073/2005; 1169/2011; RD 1021/2022; AESAN si procede
DATA7,culinary,REC-SUQUET-PEIX,Suquet de pescado,pescado/marisco/anisakis,Pescado | Frutos de cáscara,Pescado | Sulfitos,homogeneización APPCC/alérgenos por familia; proveedor prevalece,852/2004; 2073/2005; 1169/2011; RD 1021/2022; AESAN si procede
DATA7,culinary,REC-SUSHI-MAKI-BASICO,Maki básico de salmón y aguacate,pescado/marisco/anisakis,Gluten | Pescado | Soja | Mostaza,,homogeneización APPCC/alérgenos por familia; proveedor prevalece,852/2004; 2073/2005; 1169/2011; RD 1021/2022; AESAN si procede
DATA7,culinary,REC-TACOS-POLLO,Tacos de pollo,lácteos/postres fríos,Gluten | Leche,,homogeneización APPCC/alérgenos por familia; proveedor prevalece,852/2004; 2073/2005; 1169/2011; RD 1021/2022; AESAN si procede
DATA7,culinary,REC-TAGLIATELLE-PESTO,Tagliatelle al pesto,huevo/emulsiones,Gluten | Huevos | Leche,Leche | Frutos de cáscara,homogeneización APPCC/alérgenos por familia; proveedor prevalece,852/2004; 2073/2005; 1169/2011; RD 1021/2022; AESAN si procede
DATA7,culinary,REC-TARTA-QUESO-HORNEADA,Tarta de queso horneada,huevo/emulsiones,Gluten | Huevos | Leche,,homogeneización APPCC/alérgenos por familia; proveedor prevalece,852/2004; 2073/2005; 1169/2011; RD 1021/2022; AESAN si procede
DATA7,culinary,REC-TORRIJAS,Torrijas de leche,huevo/emulsiones,Gluten | Huevos | Leche,,homogeneización APPCC/alérgenos por familia; proveedor prevalece,852/2004; 2073/2005; 1169/2011; RD 1021/2022; AESAN si procede
DATA7,culinary,REC-TORTILLA-BETANZOS,Tortilla estilo Betanzos,huevo/emulsiones,Huevos,,homogeneización APPCC/alérgenos por familia; proveedor prevalece,852/2004; 2073/2005; 1169/2011; RD 1021/2022; AESAN si procede
DATA7,culinary,REC-TORTILLA-ESPANOLA,Tortilla española de patata y cebolla,huevo/emulsiones,Huevos,,homogeneización APPCC/alérgenos por familia; proveedor prevalece,852/2004; 2073/2005; 1169/2011; RD 1021/2022; AESAN si procede
DATA7,culinary,REC-TORTILLA-PAISANA,Tortilla paisana,huevo/emulsiones,Huevos,,homogeneización APPCC/alérgenos por familia; proveedor prevalece,852/2004; 2073/2005; 1169/2011; RD 1021/2022; AESAN si procede
DATA7,culinary,REC-TRINXAT,Trinxat de col y patata,general,,,homogeneización APPCC/alérgenos por familia; proveedor prevalece,852/2004; 2073/2005; 1169/2011; RD 1021/2022; AESAN si procede
DATA7,culinary,REC-VELOUTE-AVE,Salsa velouté de ave,lácteos/postres fríos,,Gluten | Leche,homogeneización APPCC/alérgenos por familia; proveedor prevalece,852/2004; 2073/2005; 1169/2011; RD 1021/2022; AESAN si procede
DATA7,culinary,REC-VELOUTE-PESCADO,Salsa velouté de pescado,pescado/marisco/anisakis,,Gluten | Pescado | Leche | Sulfitos,homogeneización APPCC/alérgenos por familia; proveedor prevalece,852/2004; 2073/2005; 1169/2011; RD 1021/2022; AESAN si procede
DATA7,culinary,REC-VERDURAS-SALTEADAS,Verduras salteadas de temporada,general,,,homogeneización APPCC/alérgenos por familia; proveedor prevalece,852/2004; 2073/2005; 1169/2011; RD 1021/2022; AESAN si procede
DATA7,culinary,REC-VIEIRAS-GALLEGA,Vieiras a la gallega,pescado/marisco/anisakis,Gluten | Sulfitos | Moluscos,,homogeneización APPCC/alérgenos por familia; proveedor prevalece,852/2004; 2073/2005; 1169/2011; RD 1021/2022; AESAN si procede
DATA7,culinary,REC-VINAGRETA-BASE,Vinagreta 3:1,general,Mostaza,,homogeneización APPCC/alérgenos por familia; proveedor prevalece,852/2004; 2073/2005; 1169/2011; RD 1021/2022; AESAN si procede
DATA7,culinary,REC-XARRETE-TERNERA-GLASEADO,Xarrete de ternera glaseado con demi-glace,general,Sulfitos,Apio | Sulfitos,homogeneización APPCC/alérgenos por familia; proveedor prevalece,852/2004; 2073/2005; 1169/2011; RD 1021/2022; AESAN si procede
DATA7,culinary,REC-XOUBAS-FRITAS,Xoubas fritas,pescado/marisco/anisakis,Gluten | Pescado,,homogeneización APPCC/alérgenos por familia; proveedor prevalece,852/2004; 2073/2005; 1169/2011; RD 1021/2022; AESAN si procede
DATA7,culinary,REC-ZAMBURINAS-GRATINADAS,Volandeiras gratinadas tipo zamburiña,pescado/marisco/anisakis,Gluten | Moluscos,Gluten | Leche,homogeneización APPCC/alérgenos por familia; proveedor prevalece,852/2004; 2073/2005; 1169/2011; RD 1021/2022; AESAN si procede
DATA7,culinary,REC-ZANAHORIAS-GLASEADAS,Zanahorias glaseadas,lácteos/postres fríos,Leche,,homogeneización APPCC/alérgenos por familia; proveedor prevalece,852/2004; 2073/2005; 1169/2011; RD 1021/2022; AESAN si procede
DATA7,culinary,REC-ZARZUELA-MARISCO,Zarzuela de pescado y marisco,pescado/marisco/anisakis,Crustáceos | Pescado | Frutos de cáscara | Sulfitos | Moluscos,Pescado | Sulfitos,homogeneización APPCC/alérgenos por familia; proveedor prevalece,852/2004; 2073/2005; 1169/2011; RD 1021/2022; AESAN si procede
DATA7,culinary,REC-ZORZA-PATATAS,Zorza con patatas,general,,,homogeneización APPCC/alérgenos por familia; proveedor prevalece,852/2004; 2073/2005; 1169/2011; RD 1021/2022; AESAN si procede
DATA7,bakery,babka-chocolate,Babka chocolate,panadería/pastelería/alérgenos,Gluten | Huevos | Leche,,"revisión APPCC de masas: gluten, fermentación, enfriado, rellenos y contaminación cruzada",1169/2011; 852/2004; documentación técnica panadera
DATA7,bakery,bagel-clasico,Bagel clásico,panadería/pastelería/alérgenos,Gluten,,"revisión APPCC de masas: gluten, fermentación, enfriado, rellenos y contaminación cruzada",1169/2011; 852/2004; documentación técnica panadera
DATA7,bakery,bagel-con-semillas,Bagel con semillas,panadería/pastelería/alérgenos,Gluten | Sésamo,,"revisión APPCC de masas: gluten, fermentación, enfriado, rellenos y contaminación cruzada",1169/2011; 852/2004; documentación técnica panadera
DATA7,bakery,baguette-con-poolish,Baguette con poolish,panadería/pastelería/alérgenos,Gluten,,"revisión APPCC de masas: gluten, fermentación, enfriado, rellenos y contaminación cruzada",1169/2011; 852/2004; documentación técnica panadera
DATA7,bakery,baguette-de-masa-madre-liquida,Baguette de masa madre líquida,panadería/pastelería/alérgenos,Gluten,,"revisión APPCC de masas: gluten, fermentación, enfriado, rellenos y contaminación cruzada",1169/2011; 852/2004; documentación técnica panadera
DATA7,bakery,baguette-francesa-directa,Baguette francesa directa,panadería/pastelería/alérgenos,Gluten,,"revisión APPCC de masas: gluten, fermentación, enfriado, rellenos y contaminación cruzada",1169/2011; 852/2004; documentación técnica panadera
DATA7,bakery,bao-al-vapor,Bao al vapor,panadería/pastelería/alérgenos,Gluten,,"revisión APPCC de masas: gluten, fermentación, enfriado, rellenos y contaminación cruzada",1169/2011; 852/2004; documentación técnica panadera
DATA7,bakery,bica-de-laza,Bica de Laza,panadería/pastelería/alérgenos,Gluten | Huevos | Leche,,"revisión APPCC de masas: gluten, fermentación, enfriado, rellenos y contaminación cruzada",1169/2011; 852/2004; documentación técnica panadera
DATA7,bakery,bollo-de-hamburguesa,Bollo de hamburguesa,panadería/pastelería/alérgenos,Gluten | Leche,,"revisión APPCC de masas: gluten, fermentación, enfriado, rellenos y contaminación cruzada",1169/2011; 852/2004; documentación técnica panadera
DATA7,bakery,bollo-suizo,Bollo suizo,panadería/pastelería/alérgenos,Gluten | Huevos | Leche,,"revisión APPCC de masas: gluten, fermentación, enfriado, rellenos y contaminación cruzada",1169/2011; 852/2004; documentación técnica panadera
DATA7,bakery,brioche-alta-mantequilla-50,Brioche alta mantequilla 50%,panadería/pastelería/alérgenos,Gluten | Huevos | Leche,,"revisión APPCC de masas: gluten, fermentación, enfriado, rellenos y contaminación cruzada",1169/2011; 852/2004; documentación técnica panadera
DATA7,bakery,brioche-de-chocolate,Brioche de chocolate,panadería/pastelería/alérgenos,Gluten | Huevos | Soja | Leche,,"revisión APPCC de masas: gluten, fermentación, enfriado, rellenos y contaminación cruzada",1169/2011; 852/2004; documentación técnica panadera
DATA7,bakery,brioche-directo-20-mantequilla,Brioche directo 20% mantequilla,panadería/pastelería/alérgenos,Gluten | Huevos | Leche,,"revisión APPCC de masas: gluten, fermentación, enfriado, rellenos y contaminación cruzada",1169/2011; 852/2004; documentación técnica panadera
DATA7,bakery,brioche-modernista-con-lecitina,Brioche modernista con lecitina,panadería/pastelería/alérgenos,Gluten | Huevos | Soja | Leche,,"revisión APPCC de masas: gluten, fermentación, enfriado, rellenos y contaminación cruzada",1169/2011; 852/2004; documentación técnica panadera
DATA7,bakery,brioche-vegano,Brioche vegano,panadería/pastelería/alérgenos,Gluten | Soja,,"revisión APPCC de masas: gluten, fermentación, enfriado, rellenos y contaminación cruzada",1169/2011; 852/2004; documentación técnica panadera
DATA7,bakery,centeno-60-masa-madre,Centeno 60% masa madre,panadería/pastelería/alérgenos,Gluten,,"revisión APPCC de masas: gluten, fermentación, enfriado, rellenos y contaminación cruzada",1169/2011; 852/2004; documentación técnica panadera
DATA7,bakery,centeno-80-tres-pasos,Centeno 80% tres pasos,panadería/pastelería/alérgenos,Gluten,,"revisión APPCC de masas: gluten, fermentación, enfriado, rellenos y contaminación cruzada",1169/2011; 852/2004; documentación técnica panadera
DATA7,bakery,challah-clasica,Challah clásica,panadería/pastelería/alérgenos,Gluten | Huevos,,"revisión APPCC de masas: gluten, fermentación, enfriado, rellenos y contaminación cruzada",1169/2011; 852/2004; documentación técnica panadera
DATA7,bakery,ciabatta-con-poolish,Ciabatta con poolish,panadería/pastelería/alérgenos,Gluten,,"revisión APPCC de masas: gluten, fermentación, enfriado, rellenos y contaminación cruzada",1169/2011; 852/2004; documentación técnica panadera
DATA7,bakery,ciabatta-directa,Ciabatta directa,panadería/pastelería/alérgenos,Gluten,,"revisión APPCC de masas: gluten, fermentación, enfriado, rellenos y contaminación cruzada",1169/2011; 852/2004; documentación técnica panadera
DATA7,bakery,ciabatta-masa-madre-liquida,Ciabatta masa madre líquida,panadería/pastelería/alérgenos,Gluten,,"revisión APPCC de masas: gluten, fermentación, enfriado, rellenos y contaminación cruzada",1169/2011; 852/2004; documentación técnica panadera
DATA7,bakery,croissant-con-biga-firme,Croissant con biga firme,panadería/pastelería/alérgenos,Gluten | Leche,,"revisión APPCC de masas: gluten, fermentación, enfriado, rellenos y contaminación cruzada",1169/2011; 852/2004; documentación técnica panadera
DATA7,bakery,croissant-con-poolish,Croissant con poolish,panadería/pastelería/alérgenos,Gluten | Leche,,"revisión APPCC de masas: gluten, fermentación, enfriado, rellenos y contaminación cruzada",1169/2011; 852/2004; documentación técnica panadera
DATA7,bakery,croissant-directo,Croissant directo,panadería/pastelería/alérgenos,Gluten | Leche,,"revisión APPCC de masas: gluten, fermentación, enfriado, rellenos y contaminación cruzada",1169/2011; 852/2004; documentación técnica panadera
DATA7,bakery,dosa-fermentada,Dosa fermentada,panadería/pastelería/alérgenos,,,"revisión APPCC de masas: gluten, fermentación, enfriado, rellenos y contaminación cruzada",1169/2011; 852/2004; documentación técnica panadera
DATA7,bakery,empanada-espana,Empanada España,panadería/pastelería/alérgenos,Gluten | Leche | Sulfitos,,"revisión APPCC de masas: gluten, fermentación, enfriado, rellenos y contaminación cruzada",1169/2011; 852/2004; documentación técnica panadera
DATA7,bakery,five-grain-levain,Five-grain levain,panadería/pastelería/alérgenos,Gluten | Sésamo,,"revisión APPCC de masas: gluten, fermentación, enfriado, rellenos y contaminación cruzada",1169/2011; 852/2004; documentación técnica panadera
DATA7,bakery,focaccia-con-poolish,Focaccia con poolish,panadería/pastelería/alérgenos,Gluten,,"revisión APPCC de masas: gluten, fermentación, enfriado, rellenos y contaminación cruzada",1169/2011; 852/2004; documentación técnica panadera
DATA7,bakery,focaccia-de-masa-madre,Focaccia de masa madre,panadería/pastelería/alérgenos,Gluten,,"revisión APPCC de masas: gluten, fermentación, enfriado, rellenos y contaminación cruzada",1169/2011; 852/2004; documentación técnica panadera
DATA7,bakery,focaccia-directa,Focaccia directa,panadería/pastelería/alérgenos,Gluten,,"revisión APPCC de masas: gluten, fermentación, enfriado, rellenos y contaminación cruzada",1169/2011; 852/2004; documentación técnica panadera
DATA7,bakery,fougasse-de-hierbas,Fougasse de hierbas,panadería/pastelería/alérgenos,Gluten,,"revisión APPCC de masas: gluten, fermentación, enfriado, rellenos y contaminación cruzada",1169/2011; 852/2004; documentación técnica panadera
DATA7,bakery,hojaldre-fermentado,Hojaldre fermentado,panadería/pastelería/alérgenos,Gluten | Leche,,"revisión APPCC de masas: gluten, fermentación, enfriado, rellenos y contaminación cruzada",1169/2011; 852/2004; documentación técnica panadera
DATA7,bakery,idli-fermentado,Idli fermentado,panadería/pastelería/alérgenos,,,"revisión APPCC de masas: gluten, fermentación, enfriado, rellenos y contaminación cruzada",1169/2011; 852/2004; documentación técnica panadera
DATA7,bakery,kn-ckebr-d-sueco,Knäckebröd sueco,panadería/pastelería/alérgenos,Gluten | Leche,,"revisión APPCC de masas: gluten, fermentación, enfriado, rellenos y contaminación cruzada",1169/2011; 852/2004; documentación técnica panadera
DATA7,bakery,larpeira-gallega,Larpeira gallega,panadería/pastelería/alérgenos,Gluten | Huevos | Leche,,"revisión APPCC de masas: gluten, fermentación, enfriado, rellenos y contaminación cruzada",1169/2011; 852/2004; documentación técnica panadera
DATA7,bakery,lavash-suave,Lavash suave,panadería/pastelería/alérgenos,Gluten,,"revisión APPCC de masas: gluten, fermentación, enfriado, rellenos y contaminación cruzada",1169/2011; 852/2004; documentación técnica panadera
DATA7,bakery,mezcla-de-harinas-sin-gluten-base,Mezcla de harinas sin gluten base,panadería/pastelería/alérgenos,Leche,,"revisión APPCC de masas: gluten, fermentación, enfriado, rellenos y contaminación cruzada",1169/2011; 852/2004; documentación técnica panadera
DATA7,bakery,naan-con-yogur,Naan con yogur,panadería/pastelería/alérgenos,Gluten | Leche,,"revisión APPCC de masas: gluten, fermentación, enfriado, rellenos y contaminación cruzada",1169/2011; 852/2004; documentación técnica panadera
DATA7,bakery,pain-au-chocolat,Pain au chocolat,panadería/pastelería/alérgenos,Gluten | Soja | Leche,,"revisión APPCC de masas: gluten, fermentación, enfriado, rellenos y contaminación cruzada",1169/2011; 852/2004; documentación técnica panadera
DATA7,bakery,pain-de-campagne-con-poolish,Pain de campagne con poolish,panadería/pastelería/alérgenos,Gluten,,"revisión APPCC de masas: gluten, fermentación, enfriado, rellenos y contaminación cruzada",1169/2011; 852/2004; documentación técnica panadera
DATA7,bakery,pain-de-campagne-directo-bertinet,Pain de campagne directo bertinet,panadería/pastelería/alérgenos,Gluten,,"revisión APPCC de masas: gluten, fermentación, enfriado, rellenos y contaminación cruzada",1169/2011; 852/2004; documentación técnica panadera
DATA7,bakery,pain-de-campagne-masa-madre,Pain de campagne masa madre,panadería/pastelería/alérgenos,Gluten,,"revisión APPCC de masas: gluten, fermentación, enfriado, rellenos y contaminación cruzada",1169/2011; 852/2004; documentación técnica panadera
DATA7,bakery,pan-candeal-con-biga,Pan candeal con biga,panadería/pastelería/alérgenos,Gluten,,"revisión APPCC de masas: gluten, fermentación, enfriado, rellenos y contaminación cruzada",1169/2011; 852/2004; documentación técnica panadera
DATA7,bakery,pan-candeal-refinado-directo,Pan candeal refinado directo,panadería/pastelería/alérgenos,Gluten,,"revisión APPCC de masas: gluten, fermentación, enfriado, rellenos y contaminación cruzada",1169/2011; 852/2004; documentación técnica panadera
DATA7,bakery,pan-con-aceitunas,Pan con aceitunas,panadería/pastelería/alérgenos,Gluten,,"revisión APPCC de masas: gluten, fermentación, enfriado, rellenos y contaminación cruzada",1169/2011; 852/2004; documentación técnica panadera
DATA7,bakery,pan-con-avellanas-y-ciruelas,Pan con avellanas y ciruelas,panadería/pastelería/alérgenos,Gluten | Frutos de cáscara | Sulfitos,,"revisión APPCC de masas: gluten, fermentación, enfriado, rellenos y contaminación cruzada",1169/2011; 852/2004; documentación técnica panadera
DATA7,bakery,pan-con-manzana-y-miel,Pan con manzana y miel,panadería/pastelería/alérgenos,Gluten,,"revisión APPCC de masas: gluten, fermentación, enfriado, rellenos y contaminación cruzada",1169/2011; 852/2004; documentación técnica panadera
DATA7,bakery,pan-con-nueces-y-pasas,Pan con nueces y pasas,panadería/pastelería/alérgenos,Gluten | Frutos de cáscara | Sulfitos,,"revisión APPCC de masas: gluten, fermentación, enfriado, rellenos y contaminación cruzada",1169/2011; 852/2004; documentación técnica panadera
DATA7,bakery,pan-con-queso-curado,Pan con queso curado,panadería/pastelería/alérgenos,Gluten | Leche,,"revisión APPCC de masas: gluten, fermentación, enfriado, rellenos y contaminación cruzada",1169/2011; 852/2004; documentación técnica panadera
DATA7,bakery,pan-de-batata-asada,Pan de batata asada,panadería/pastelería/alérgenos,Gluten,,"revisión APPCC de masas: gluten, fermentación, enfriado, rellenos y contaminación cruzada",1169/2011; 852/2004; documentación técnica panadera
DATA7,bakery,pan-de-calabaza-especiado,Pan de calabaza especiado,panadería/pastelería/alérgenos,Gluten,,"revisión APPCC de masas: gluten, fermentación, enfriado, rellenos y contaminación cruzada",1169/2011; 852/2004; documentación técnica panadera
DATA7,bakery,pan-de-cristal,Pan de cristal,panadería/pastelería/alérgenos,Gluten,,"revisión APPCC de masas: gluten, fermentación, enfriado, rellenos y contaminación cruzada",1169/2011; 852/2004; documentación técnica panadera
DATA7,bakery,pan-de-cristal-pedro,Pan de cristal pedro,panadería/pastelería/alérgenos,Gluten,,"revisión APPCC de masas: gluten, fermentación, enfriado, rellenos y contaminación cruzada",1169/2011; 852/2004; documentación técnica panadera
DATA7,bakery,pan-de-espelta-100,Pan de espelta 100%,panadería/pastelería/alérgenos,Gluten,,"revisión APPCC de masas: gluten, fermentación, enfriado, rellenos y contaminación cruzada",1169/2011; 852/2004; documentación técnica panadera
DATA7,bakery,pan-de-espelta-masa-madre,Pan de espelta masa madre,panadería/pastelería/alérgenos,Gluten,,"revisión APPCC de masas: gluten, fermentación, enfriado, rellenos y contaminación cruzada",1169/2011; 852/2004; documentación técnica panadera
DATA7,bakery,pan-de-higos-secos,Pan de higos secos,panadería/pastelería/alérgenos,Gluten | Sulfitos,,"revisión APPCC de masas: gluten, fermentación, enfriado, rellenos y contaminación cruzada",1169/2011; 852/2004; documentación técnica panadera
DATA7,bakery,pan-de-kamut-con-kefir,Pan de kamut con kéfir,panadería/pastelería/alérgenos,Gluten | Leche,,"revisión APPCC de masas: gluten, fermentación, enfriado, rellenos y contaminación cruzada",1169/2011; 852/2004; documentación técnica panadera
DATA7,bakery,pan-de-leche-directo,Pan de leche directo,panadería/pastelería/alérgenos,Gluten | Leche,,"revisión APPCC de masas: gluten, fermentación, enfriado, rellenos y contaminación cruzada",1169/2011; 852/2004; documentación técnica panadera
DATA7,bakery,pan-de-maiz-con-trigo,Pan de maíz con trigo,panadería/pastelería/alérgenos,Gluten,,"revisión APPCC de masas: gluten, fermentación, enfriado, rellenos y contaminación cruzada",1169/2011; 852/2004; documentación técnica panadera
DATA7,bakery,pan-de-membrillo-y-nuez,Pan de membrillo y nuez,panadería/pastelería/alérgenos,Gluten | Frutos de cáscara,,"revisión APPCC de masas: gluten, fermentación, enfriado, rellenos y contaminación cruzada",1169/2011; 852/2004; documentación técnica panadera
DATA7,bakery,pan-de-molde-directo,Pan de molde directo,panadería/pastelería/alérgenos,Gluten | Leche,,"revisión APPCC de masas: gluten, fermentación, enfriado, rellenos y contaminación cruzada",1169/2011; 852/2004; documentación técnica panadera
DATA7,bakery,pan-de-molde-modernista,Pan de molde modernista,panadería/pastelería/alérgenos,Gluten | Soja,,"revisión APPCC de masas: gluten, fermentación, enfriado, rellenos y contaminación cruzada",1169/2011; 852/2004; documentación técnica panadera
DATA7,bakery,pan-de-mostaza-y-cerveza,Pan de mostaza y cerveza,panadería/pastelería/alérgenos,Gluten | Mostaza,,"revisión APPCC de masas: gluten, fermentación, enfriado, rellenos y contaminación cruzada",1169/2011; 852/2004; documentación técnica panadera
DATA7,bakery,pan-de-patata-con-poolish,Pan de patata con poolish,panadería/pastelería/alérgenos,Gluten,,"revisión APPCC de masas: gluten, fermentación, enfriado, rellenos y contaminación cruzada",1169/2011; 852/2004; documentación técnica panadera
DATA7,bakery,pan-de-patata-y-cebolla-asada,Pan de patata y cebolla asada,panadería/pastelería/alérgenos,Gluten,,"revisión APPCC de masas: gluten, fermentación, enfriado, rellenos y contaminación cruzada",1169/2011; 852/2004; documentación técnica panadera
DATA7,bakery,pan-de-teff-con-semillas,Pan de teff con semillas,panadería/pastelería/alérgenos,Gluten | Sésamo,,"revisión APPCC de masas: gluten, fermentación, enfriado, rellenos y contaminación cruzada",1169/2011; 852/2004; documentación técnica panadera
DATA7,bakery,pan-de-trigo-duro-con-poolish,Pan de trigo duro con poolish,panadería/pastelería/alérgenos,Gluten,,"revisión APPCC de masas: gluten, fermentación, enfriado, rellenos y contaminación cruzada",1169/2011; 852/2004; documentación técnica panadera
DATA7,bakery,pan-de-trigo-duro-con-sesamo,Pan de trigo duro con sésamo,panadería/pastelería/alérgenos,Gluten | Sésamo,,"revisión APPCC de masas: gluten, fermentación, enfriado, rellenos y contaminación cruzada",1169/2011; 852/2004; documentación técnica panadera
DATA7,bakery,pan-de-zanahoria-y-nuez,Pan de zanahoria y nuez,panadería/pastelería/alérgenos,Gluten | Frutos de cáscara,,"revisión APPCC de masas: gluten, fermentación, enfriado, rellenos y contaminación cruzada",1169/2011; 852/2004; documentación técnica panadera
DATA7,bakery,pan-gallego-con-poolish,Pan gallego con poolish,panadería/pastelería/alérgenos,Gluten,,"revisión APPCC de masas: gluten, fermentación, enfriado, rellenos y contaminación cruzada",1169/2011; 852/2004; documentación técnica panadera
DATA7,bakery,pan-gallego-de-masa-madre,Pan gallego de masa madre,panadería/pastelería/alérgenos,Gluten,,"revisión APPCC de masas: gluten, fermentación, enfriado, rellenos y contaminación cruzada",1169/2011; 852/2004; documentación técnica panadera
DATA7,bakery,pan-gallego-directo,Pan gallego directo,panadería/pastelería/alérgenos,Gluten,,"revisión APPCC de masas: gluten, fermentación, enfriado, rellenos y contaminación cruzada",1169/2011; 852/2004; documentación técnica panadera
DATA7,bakery,pan-integral-100-con-poolish,Pan integral 100% con poolish,panadería/pastelería/alérgenos,Gluten,,"revisión APPCC de masas: gluten, fermentación, enfriado, rellenos y contaminación cruzada",1169/2011; 852/2004; documentación técnica panadera
DATA7,bakery,pan-integral-rustico-directo,Pan integral rústico directo,panadería/pastelería/alérgenos,Gluten,,"revisión APPCC de masas: gluten, fermentación, enfriado, rellenos y contaminación cruzada",1169/2011; 852/2004; documentación técnica panadera
DATA7,bakery,pan-integral-sin-gluten-con-semillas,Pan integral sin gluten con semillas,panadería/pastelería/alérgenos,Leche | Sésamo,,"revisión APPCC de masas: gluten, fermentación, enfriado, rellenos y contaminación cruzada",1169/2011; 852/2004; documentación técnica panadera
DATA7,bakery,pan-multicereal-con-semillas,Pan multicereal con semillas,panadería/pastelería/alérgenos,Gluten | Sésamo,,"revisión APPCC de masas: gluten, fermentación, enfriado, rellenos y contaminación cruzada",1169/2011; 852/2004; documentación técnica panadera
DATA7,bakery,pan-para-kebab,Pan para kebab,panadería/pastelería/alérgenos,Gluten | Leche,,"revisión APPCC de masas: gluten, fermentación, enfriado, rellenos y contaminación cruzada",1169/2011; 852/2004; documentación técnica panadera
DATA7,bakery,pan-rapido-pedro,Pan rápido,panadería/pastelería/alérgenos,Gluten,,"revisión APPCC de masas: gluten, fermentación, enfriado, rellenos y contaminación cruzada",1169/2011; 852/2004; documentación técnica panadera
DATA7,bakery,pan-sin-gluten-basico,Pan sin gluten básico,panadería/pastelería/alérgenos,Huevos,,"revisión APPCC de masas: gluten, fermentación, enfriado, rellenos y contaminación cruzada",1169/2011; 852/2004; documentación técnica panadera
DATA7,bakery,panettone-modernista-simplificado,Panettone modernista simplificado,panadería/pastelería/alérgenos,Gluten | Huevos | Leche | Sulfitos,,"revisión APPCC de masas: gluten, fermentación, enfriado, rellenos y contaminación cruzada",1169/2011; 852/2004; documentación técnica panadera
DATA7,bakery,pita-integral,Pita integral,panadería/pastelería/alérgenos,Gluten,,"revisión APPCC de masas: gluten, fermentación, enfriado, rellenos y contaminación cruzada",1169/2011; 852/2004; documentación técnica panadera
DATA7,bakery,pizza-con-poolish-24-h,Pizza con poolish 24 h,panadería/pastelería/alérgenos,Gluten,,"revisión APPCC de masas: gluten, fermentación, enfriado, rellenos y contaminación cruzada",1169/2011; 852/2004; documentación técnica panadera
DATA7,bakery,pizza-estilo-nueva-york,Pizza estilo nueva york,panadería/pastelería/alérgenos,Gluten,,"revisión APPCC de masas: gluten, fermentación, enfriado, rellenos y contaminación cruzada",1169/2011; 852/2004; documentación técnica panadera
DATA7,bakery,pizza-napolitana-directa-48-h,Pizza napolitana directa 48 h,panadería/pastelería/alérgenos,Gluten,,"revisión APPCC de masas: gluten, fermentación, enfriado, rellenos y contaminación cruzada",1169/2011; 852/2004; documentación técnica panadera
DATA7,bakery,pizza-siciliana-en-bandeja,Pizza siciliana en bandeja,panadería/pastelería/alérgenos,Gluten,,"revisión APPCC de masas: gluten, fermentación, enfriado, rellenos y contaminación cruzada",1169/2011; 852/2004; documentación técnica panadera
DATA7,bakery,pretzel-clasico,Pretzel clásico,panadería/pastelería/alérgenos,Gluten,,"revisión APPCC de masas: gluten, fermentación, enfriado, rellenos y contaminación cruzada",1169/2011; 852/2004; documentación técnica panadera
DATA7,bakery,pretzel-modernista-con-hpmc,Pretzel modernista con HPMC,panadería/pastelería/alérgenos,Gluten,,"revisión APPCC de masas: gluten, fermentación, enfriado, rellenos y contaminación cruzada",1169/2011; 852/2004; documentación técnica panadera
DATA7,bakery,pumpernickel-bavaro,Pumpernickel bávaro,panadería/pastelería/alérgenos,Gluten | Leche,,"revisión APPCC de masas: gluten, fermentación, enfriado, rellenos y contaminación cruzada",1169/2011; 852/2004; documentación técnica panadera
DATA7,bakery,roggenbrot-90,Roggenbrot 90%,panadería/pastelería/alérgenos,Gluten,,"revisión APPCC de masas: gluten, fermentación, enfriado, rellenos y contaminación cruzada",1169/2011; 852/2004; documentación técnica panadera
DATA7,bakery,roscon-de-reyes-directo,Roscón de reyes directo,panadería/pastelería/alérgenos,Gluten | Huevos | Leche,,"revisión APPCC de masas: gluten, fermentación, enfriado, rellenos y contaminación cruzada",1169/2011; 852/2004; documentación técnica panadera
DATA7,bakery,rugbr-d-nordico,Rugbrød nórdico,panadería/pastelería/alérgenos,Gluten | Sésamo,,"revisión APPCC de masas: gluten, fermentación, enfriado, rellenos y contaminación cruzada",1169/2011; 852/2004; documentación técnica panadera
DATA7,bakery,shokupan-tangzhong,Shokupan tangzhong,panadería/pastelería/alérgenos,Gluten | Leche,,"revisión APPCC de masas: gluten, fermentación, enfriado, rellenos y contaminación cruzada",1169/2011; 852/2004; documentación técnica panadera
DATA7,bakery,teff-injera,Teff injera,panadería/pastelería/alérgenos,Gluten,,"revisión APPCC de masas: gluten, fermentación, enfriado, rellenos y contaminación cruzada",1169/2011; 852/2004; documentación técnica panadera
DATA7,bakery,torta-de-nata-pedro,Torta de nata,panadería/pastelería/alérgenos,Gluten | Huevos | Leche,,"revisión APPCC de masas: gluten, fermentación, enfriado, rellenos y contaminación cruzada",1169/2011; 852/2004; documentación técnica panadera
DATA7,bakery,vermont-masa-madre-solida,Vermont masa madre sólida,panadería/pastelería/alérgenos,Gluten,,"revisión APPCC de masas: gluten, fermentación, enfriado, rellenos y contaminación cruzada",1169/2011; 852/2004; documentación técnica panadera
DATA7,bakery,vermont-sourdough,Vermont sourdough,panadería/pastelería/alérgenos,Gluten,,"revisión APPCC de masas: gluten, fermentación, enfriado, rellenos y contaminación cruzada",1169/2011; 852/2004; documentación técnica panadera
DATA7,bakery,vollkornbrot-con-linaza,Vollkornbrot con linaza,panadería/pastelería/alérgenos,Gluten,,"revisión APPCC de masas: gluten, fermentación, enfriado, rellenos y contaminación cruzada",1169/2011; 852/2004; documentación técnica panadera
