action,allergens,bloque,classification,detail,family,fat_pct,hydration_pct,id,name,preferment_type,priority,recipe_kind,salt_pct,sugar_pct,yeast_pct
refinamiento proceso/APPCC/notas; sin validación,,DATA5,D,"Nombre “clásico” discutible: incluye estragón y no aparece tomillo; proceso todavía genérico. Al usarse en fondos, conviene normalizar antes de corrección global.",,,,REC-BOUQUET-GARNI,Bouquet garni clásico,,P1,culinary,,,
refinamiento proceso/APPCC/notas; sin validación,,DATA5,D,La denominación “brava” no queda defendida si solo lleva pimentón dulce; proceso genérico y picante no está claro.,,,,REC-SALSA-BRAVA,Salsa brava,,P1,culinary,,,
refinamiento proceso/APPCC/notas; sin validación,,DATA5,D,Producto RTE frío con base mayonesa; proceso y APPCC son demasiado genéricos para una salsa con huevo/emulsión fría.,,,,REC-SALSA-TARTARA,Salsa tártara,,P1,culinary,,,
refinamiento proceso/APPCC/notas; sin validación,,DATA5,C,"Buena orientación técnica, pero fondo de alto impacto recursivo. Rendimiento, tiempo real, evaporación y enfriamiento siguen pendientes de obrador.",,,,REC-FONDO-BLANCO-AVE,Fondo blanco de ave,,P1,culinary,,,
refinamiento proceso/APPCC/notas; sin validación,,DATA5,C,"Concepto correcto y proceso específico, pero arrastra a varias salsas/platos. Reducción, tostado, desgrasado y rendimiento requieren prueba.",,,,REC-FONDO-OSCURO-TERNERA,Fondo oscuro de ternera,,P1,culinary,,,
refinamiento proceso/APPCC/notas; sin validación,,DATA5,C,"Proceso específico y APPCC adecuados; es el elemento más recursivo del 7A. Cocción corta, colado y rendimiento no deben validarse sin prueba.",,,,REC-FUMET-PESCADO,Fumet de pescado clásico,,P1,culinary,,,
refinamiento proceso/APPCC/notas; sin validación,,DATA5,C,Concepto correcto como derivada de holandesa/bearnesa con tomate; riesgo técnico y sanitario por yema/emulsión templada.,,,,REC-SALSA-CHORON,Salsa choron,,P1,culinary,,,
refinamiento proceso/APPCC/notas; sin validación,,DATA5,B,Proceso específico y APPCC buenos; base recursiva usada por varias fichas. Rendimiento y acidez/reducción pendientes.,,,,REC-SALSA-TOMATE,Salsa de tomate,,P1,culinary,,,
refinamiento proceso/APPCC/notas; sin validación,,DATA5,B,Proceso específico correcto. Usa aceite de girasol alto oleico pese a hablar de aceite de oliva en proceso; incoherencia menor-media por enseñanza técnica.,,,,REC-SOFRITO-BASE,Sofrito de hortalizas,,P1,culinary,,,
refinamiento proceso/APPCC/notas; sin validación,,DATA5,B,Ficha bastante específica y APPCC razonable. No arrastra subrecetas y tiene bajo impacto recursivo.,,,,REC-CALDO-CORTO-PESCADO,Caldo corto para pescado,,P2,culinary,,,
refinamiento proceso/APPCC/notas; sin validación,,DATA5,B,"Fórmula correcta; proceso genérico no explica picado fino, evaporación de agua ni punto seco.",,,,REC-DUXELLES,Duxelles de champiñón,,P2,culinary,,,
refinamiento proceso/APPCC/notas; sin validación,,DATA5,B,Ficha ya tiene corrección crítica previa y proceso específico. Riesgo principal: RTE vegetal y oxidación.,,,,REC-GUACAMOLE,Guacamole,,P2,culinary,,,
refinamiento proceso/APPCC/notas; sin validación,,DATA5,B,"Fórmula funcional para fondos blancos; proceso genérico y sin precisión de corte, proporción ni uso.",,,,REC-MIREPOIX-BLANCA,Mirepoix blanca,,P2,culinary,,,
refinamiento proceso/APPCC/notas; sin validación,,DATA5,B,"Fórmula plausible para fondos oscuros; presencia de tomate aceptable, pero proceso genérico y falta criterio de tostado/sudado.",,,,REC-MIREPOIX-OSCURA,Mirepoix oscura,,P2,culinary,,,
refinamiento proceso/APPCC/notas; sin validación,,DATA5,B,"Fórmula funcional, pero proceso genérico. Puede requerir control de uso en crudo y conservación corta.",,,,REC-PICADA-AJO-PEREJIL,Picada de ajo y perejil,,P2,culinary,,,
refinamiento proceso/APPCC/notas; sin validación,,DATA5,B,"Correcta como derivada de bechamel con tomate; el nombre puede admitir base bechamel o velouté, pero la ficha usa bechamel.",,,,REC-SALSA-AURORA,Salsa aurora,,P2,culinary,,,
refinamiento proceso/APPCC/notas; sin validación,,DATA5,B,"Fórmula coherente; proceso genérico. Usa fumet/velouté, por lo que depende de bases madre pendientes.",,,,REC-SALSA-BERCY-PESCADO,Salsa bercy para pescado,,P2,culinary,,,
refinamiento proceso/APPCC/notas; sin validación,,DATA5,B,"Fórmula plausible, pero proceso y APPCC son genéricos. Falta integración del queso fuera de hervor y control de piel/gratinado.",,,,REC-SALSA-MORNAY,Salsa mornay,,P2,culinary,,,
refinamiento proceso/APPCC/notas; sin validación,,DATA5,B,"Fórmula plausible, pero proceso genérico; falta sudado prolongado de cebolla sin coloración y acabado fino.",,,,REC-SALSA-SOUBISE,Salsa soubise,,P2,culinary,,,
refinamiento proceso/APPCC/notas; sin validación,,DATA5,B,Fórmula coherente; proceso genérico y depende de velouté/fondo de ave.,,,,REC-SALSA-SUPREMA,Salsa suprema,,P2,culinary,,,
refinamiento proceso/APPCC/notas; sin validación,,DATA5,B,"Fórmula coherente con ajo, harina, fumet, vino y perejil; proceso genérico. Depende del fumet.",,,,REC-SALSA-VERDE,Salsa verde española,,P2,culinary,,,
refinamiento proceso/APPCC/notas; sin validación,,DATA5,A,Fórmula 1:1 y proceso específico correctos como propuesta documental. Queda pendiente de uso real en salsa.,,,,REC-ROUX-BLANCO,Roux blanco,,P3,culinary,,,
refinamiento proceso/APPCC/notas; sin validación,,DATA5,A,Proceso correcto y nota técnica adecuada sobre menor poder espesante.,,,,REC-ROUX-OSCURO,Roux oscuro,,P3,culinary,,,
refinamiento proceso/APPCC/notas; sin validación,,DATA5,A,Fórmula 1:1 y proceso diferenciado correcto. El menor poder espesante relativo se entiende en la progresión de tostado.,,,,REC-ROUX-RUBIO,Roux rubio,,P3,culinary,,,
refinamiento proceso/APPCC/notas; sin validación,,DATA5,A,"Proporción 3:1 y uso como aliño son correctos. Proceso genérico, pero riesgo técnico bajo.",,,,REC-VINAGRETA-BASE,Vinagreta 3:1,,P3,culinary,,,
refinamiento proceso/APPCC/notas; sin validación,,DATA5,D,La fórmula usa jamón cocido y no refleja bien compango/embutido gallego; proceso genérico insuficiente para casquería.,,,,REC-CALLOS-GALLEGOS,Callos con garbanzos,,P1,culinary,,,
refinamiento proceso/APPCC/notas; sin validación,,DATA5,D,Usa chorizo/morcilla asturiana y no desarrolla los vuelcos; fórmula y proceso no defienden bien la denominación madrileña.,,,,REC-COCIDO-MADRILENO,Cocido madrileño,,P1,culinary,,,
refinamiento proceso/APPCC/notas; sin validación,,DATA5,D,Uso de jamón cocido y morcilla de Burgos descontextualiza la denominación. El proceso de estofado no refleja un cocido/potaje regional.,,,,REC-COCIDO-MONTANES,Cocido montañés,,P1,culinary,,,
refinamiento proceso/APPCC/notas; sin validación,,DATA5,D,Usa alubia blanca riñón en lugar de faba/fabe asturiana y compango parcialmente genérico; proceso de cocido regional genérico.,,,,REC-FABADA-ASTURIANA,Fabada asturiana,,P1,culinary,,,
refinamiento proceso/APPCC/notas; sin validación,,DATA5,D,Fórmula regional débil: jamón cocido y ausencia de chorizo/elementos de compango más propios. Proceso genérico para legumbre grande.,,,,REC-JUDIONES-GRANJA,Judiones de la granja,,P1,culinary,,,
refinamiento proceso/APPCC/notas; sin validación,,DATA5,D,Fórmula usa melocotón donde la referencia tradicional suele ser pera; proceso genérico y sin majado claro.,,,,REC-OLLA-GITANA,Olla gitana,,P1,culinary,,,
refinamiento proceso/APPCC/notas; sin validación,,DATA5,D,La fórmula incluye jamón cocido y pollo como solución genérica; no queda bien defendida como rancho canario tradicional. Proceso genérico.,,,,REC-RANCHO-CANARIO,Rancho canario,,P1,culinary,,,
refinamiento proceso/APPCC/notas; sin validación,,DATA5,D,Fórmula con guisantes “con vaina” y sin sal explícita; requiere clarificar guarnición cocinada y APPCC de huevo.,,,,REC-TORTILLA-PAISANA,Tortilla paisana,,P1,culinary,,,
refinamiento proceso/APPCC/notas; sin validación,,DATA5,D,"Denominación problemática: la línea habla de volandeira tratada como zamburiña. Además usa bechamel, que convierte la ficha en variante gratinada con lácteos/gluten.",,,,REC-ZAMBURINAS-GRATINADAS,Volandeiras gratinadas tipo zamburiña,,P1,culinary,,,
refinamiento proceso/APPCC/notas; sin validación,,DATA5,D,Usa carne picada de cerdo; la zorza se defiende mejor con carne de cerdo troceada/adobada. Falta maceración/adobo.,,,,REC-ZORZA-PATATAS,Zorza con patatas,,P1,culinary,,,
refinamiento proceso/APPCC/notas; sin validación,,DATA5,C,"Fórmula plausible, pero proceso genérico no sirve para masa fermentada, relleno, formado y horneado. Requiere prueba de rendimiento.",,,,REC-EMPANADA-GALLEGA-ATUN,Empanada gallega de atún,,P1,culinary,,,
refinamiento proceso/APPCC/notas; sin validación,,DATA5,C,"Concepto correcto, pero no es buena ficha para abatir/conservar como producción diferida; huevo frito/yema exige servicio inmediato y control térmico.",,,,REC-HUEVOS-ROTOS-JAMON,Huevos rotos con jamón,,P1,culinary,,,
refinamiento proceso/APPCC/notas; sin validación,,DATA5,C,"Concepto correcto y proceso más específico, pero usa bonito entero y caldo de marisco; rendimiento por limpieza y punto del bonito exigen prueba.",,,,REC-MARMITAKO,Marmitako de bonito,,P1,culinary,,,
refinamiento proceso/APPCC/notas; sin validación,,DATA5,C,"Concepto correcto, pero escabeche requiere control de apertura, retirada de valvas, proporción aceite/vinagre, enfriamiento y conservación.",,,,REC-MEJILLONES-ESCABECHE,Mejillones en escabeche,,P1,culinary,,,
refinamiento proceso/APPCC/notas; sin validación,,DATA5,C,"Concepto aceptable, pero depende de salsa brava marcada como P1 y de mayonesa; APPCC de salsa fría y fritura no puede quedar genérico.",,,,REC-PATATAS-BRAVAS,Patatas bravas,,P1,culinary,,,
refinamiento proceso/APPCC/notas; sin validación,,DATA5,C,"Concepto correcto, pero depende de mirepoix oscura y fondo oscuro, ambos pendientes de prueba. Rendimiento, colágeno, reducción y desgrasado no están validados.",,,,REC-RABO-TORO,Rabo de toro estofado,,P1,culinary,,,
refinamiento proceso/APPCC/notas; sin validación,,DATA5,C,Concepto correcto pero sanitariamente sensible: huevo de cáscara y punto muy jugoso. No debe estabilizarse sin criterio APPCC docente claro.,,,,REC-TORTILLA-BETANZOS,Tortilla estilo Betanzos,,P1,culinary,,,
refinamiento proceso/APPCC/notas; sin validación,,DATA5,C,"Uso de huevo líquido pasteurizado es prudente; proceso y APPCC aún deben fijar cuajado, temperatura y servicio/conservación.",,,,REC-TORTILLA-ESPANOLA,Tortilla española de patata y cebolla,,P1,culinary,,,
refinamiento proceso/APPCC/notas; sin validación,,DATA5,B,"Concepto correcto; harina de almendra puede funcionar, pero conviene aclarar si sustituye almendra cruda. APPCC frío adecuado.",,,,REC-AJOBLANCO,Ajoblanco,,P2,culinary,,,
refinamiento proceso/APPCC/notas; sin validación,,DATA5,B,Concepto plausible; proceso genérico aunque menciona majado en notas. Rendimiento y punto de cordero pendientes.,,,,REC-CALDERETA-CORDERO,Caldereta de cordero,,P2,culinary,,,
refinamiento proceso/APPCC/notas; sin validación,,DATA5,B,"Concepto bien orientado y proceso reforzado; solo queda controlar desalado, salinidad, cocción de verdura y rendimiento.",,,,REC-CALDO-GALLEGO,Caldo gallego,,P2,culinary,,,
refinamiento proceso/APPCC/notas; sin validación,,DATA5,B,"Concepto correcto, pero el proceso no describe asado directo/horno, pelado, reposo ni aliño.",,,,REC-ESCALIVADA,Escalivada,,P2,culinary,,,
refinamiento proceso/APPCC/notas; sin validación,,DATA5,B,Concepto defendible como propuesta docente; proceso demasiado genérico para fabes/almeja y sin purgado/apertura final del molusco.,,,,REC-FABES-ALMEJAS,Fabes con almejas,,P2,culinary,,,
refinamiento proceso/APPCC/notas; sin validación,,DATA5,B,"Concepto bastante defendible; depende de fondo oscuro y la picada usa almendra/pistacho, aceptable como variante pero conviene justificar.",,,,REC-FRICANDO,Fricandó de ternera,,P2,culinary,,,
refinamiento proceso/APPCC/notas; sin validación,,DATA5,B,"Denominación plausible; falta proceso específico de escaldado, textura y relación caldo/gofio. Alérgeno gluten por gofio de trigo y maíz.",,,,REC-GOFIO-ESCALDADO,Gofio escaldado,,P2,culinary,,,
refinamiento proceso/APPCC/notas; sin validación,,DATA5,B,"Concepto defendible; falta secuencia específica de desalado, cocción de lacón, grelos y patata. Sal añadida peligrosa si el lacón no se controla.",,,,REC-LACON-GRELOS,Lacón con grelos,,P2,culinary,,,
refinamiento proceso/APPCC/notas; sin validación,,DATA5,B,"Ficha docente funcional, aunque el uso de jamón cocido es pobre para una versión tradicional. Proceso genérico.",,,,REC-LENTEJAS-ESTOFADAS,Lentejas estofadas,,P2,culinary,,,
refinamiento proceso/APPCC/notas; sin validación,,DATA5,B,"Concepto correcto; falta proceso específico de desalado/cocción de oreja, corte y aliño estilo feira.",,,,REC-OREJA-GALLEGA,Oreja a la gallega,,P2,culinary,,,
refinamiento proceso/APPCC/notas; sin validación,,DATA5,B,"Concepto correcto, pero la patata Kennebec no representa la papa canaria tradicional y el proceso no describe arrugado, evaporación ni cristalización salina.",,,,REC-PAPAS-ARRUGADAS-MOJO,Papas arrugadas con mojo picón,,P2,culinary,,,
refinamiento proceso/APPCC/notas; sin validación,,DATA5,B,Concepto válido; proceso frío adecuado pero debe precisar tratamiento de vegetales crudos y huevo cocido. Denominación “Jaén” puede exigir majado/emulsión de yema según versión.,,,,REC-PIPIRRANA-JAEN,Pipirrana,,P2,culinary,,,
refinamiento proceso/APPCC/notas; sin validación,,DATA5,B,"Concepto correcto; proceso genérico no refleja cocción/asustado opcional, reposo, corte con tijera ni servicio en plato de madera.",,,,REC-PULPO-A-FEIRA,Pulpo a feira,,P2,culinary,,,
refinamiento proceso/APPCC/notas; sin validación,,DATA5,B,"Fórmula plausible; proceso demasiado genérico y no recoge cocción, escurrido, chafado ni dorado final con panceta/rostes.",,,,REC-TRINXAT,Trinxat de col y patata,,P2,culinary,,,
refinamiento proceso/APPCC/notas; sin validación,,DATA5,B,"Concepto defendible; faltan limpieza, control de concha, sofrito y gratinado. Alérgeno molusco y gluten por pan rallado.",,,,REC-VIEIRAS-GALLEGA,Vieiras a la gallega,,P2,culinary,,,
refinamiento proceso/APPCC/notas; sin validación,,DATA5,B,Concepto correcto si se entiende xouba como sardina pequeña; ingrediente “sardina fresca entera” debe precisar calibre.,,,,REC-XOUBAS-FRITAS,Xoubas fritas,,P2,culinary,,,
refinamiento proceso/APPCC/notas; sin validación,,DATA5,D,"Denominación demasiado amplia: “bica gallega” exige definir variante. La fórmula con impulsor, mantequilla y nata puede ser una bica mantecada docente, pero no queda contextualizada.",,,,REC-BICA-GALLEGA,Bica gallega,,P1,culinary,,,
refinamiento proceso/APPCC/notas; sin validación,,DATA5,D,"El proceso genérico habla de marcar/sellar, contrario al concepto de blanqueta blanca; la ligazón con yema/nata y limón exige control de temperatura para evitar corte.",,,,REC-BLANQUETA-TERNERA,Blanqueta de ternera,,P1,culinary,,,
refinamiento proceso/APPCC/notas; sin validación,,DATA5,D,"Fórmula usa huevo entero, cuando el estándar docente de crème brûlée se formula normalmente con yemas; proceso genérico no fija baño/temperatura/cuajado.",,,,REC-CREME-BRULEE,Crème brûlée,,P1,culinary,,,
refinamiento proceso/APPCC/notas; sin validación,,DATA5,D,Nombre no coincide del todo: usa piña como fruta principal y solo coulis de fresa. Además depende de merengue francés y chantilly.,,,,REC-PAVLOVA-FRUTOS-ROJOS,Pavlova de frutos rojos,,P1,culinary,,,
refinamiento proceso/APPCC/notas; sin validación,,DATA5,D,"Como “pisto base” queda mal defendido por el uso de pimiento de Herbón, que introduce variabilidad/picor y no representa un pimiento base neutro.",,,,REC-PISTO-BASE,Pisto de verduras,,P1,culinary,,,
refinamiento proceso/APPCC/notas; sin validación,,DATA5,D,"Denominación débil: el caldo dashi aparece como ingrediente genérico, no como subreceta controlada; falta tare shoyu, montaje, cocción de fideo y tratamiento de huevo/pollo.",,,,REC-RAMEN-SHOYU,Ramen shoyu,,P1,culinary,,,
refinamiento proceso/APPCC/notas; sin validación,,DATA5,D,Denominación defendible solo como versión docente; usa vinagre de vino en vez de vinagre de arroz y arroz redondo estándar. Riesgo sanitario alto por salmón crudo y arroz cocido manipulado en frío.,,,,REC-SUSHI-MAKI-BASICO,Maki básico de salmón y aguacate,,P1,culinary,,,
refinamiento proceso/APPCC/notas; sin validación,,DATA5,C,"Concepto correcto; depende de fumet y requiere cocción suficiente de tinta, control de dureza del calamar y punto de salsa.",,,,REC-CALAMARES-TINTA,Calamares en su tinta,,P1,culinary,,,
refinamiento proceso/APPCC/notas; sin validación,,DATA5,C,"Concepto correcto, pero depende de fondo oscuro y requiere validación de colágeno, reducción, desgrasado y rendimiento real.",,,,REC-CARRILLERAS-VINO-TINTO,Carrilleras de ternera al vino tinto,,P1,culinary,,,
refinamiento proceso/APPCC/notas; sin validación,,DATA5,C,"Fórmula coherente, pero es sanitariamente sensible: el marinado ácido no equivale a cocción ni elimina por sí solo el riesgo parasitario/microbiológico.",,,,REC-CEVICHE-CORVINA,Ceviche de corvina,,P1,culinary,,,
refinamiento proceso/APPCC/notas; sin validación,,DATA5,C,"Concepto reconocible, pero depende de mirepoix oscura y fondo oscuro aún pendientes; falta marinada opcional, reducción del vino, desgrasado y control de colágeno/salsa.",,,,REC-COQ-AU-VIN,Coq au vin,,P1,culinary,,,
refinamiento proceso/APPCC/notas; sin validación,,DATA5,C,"Concepto correcto, pero sensible por centro poco cocido, huevo y servicio caliente inmediato. Rendimiento/unidades y tiempo de cocción deben probarse.",,,,REC-COULANT-CHOCOLATE,Coulant de chocolate,,P1,culinary,,,
refinamiento proceso/APPCC/notas; sin validación,,DATA5,C,Ficha bastante bien orientada; depende de fumet y sofrito no estabilizados y de marisco/cefalópodo. Requiere prueba de absorción y reposo.,,,,REC-FIDEUA-MARISCO,Fideuá de marisco,,P1,culinary,,,
refinamiento proceso/APPCC/notas; sin validación,,DATA5,C,"Concepto válido como variante con bacon, pero depende de holandesa; huevo escalfado y salsa emulsionada caliente no admiten espera larga ni abatimiento estándar.",,,,REC-HUEVOS-BENEDICTINOS-CLASICOS,Huevos benedictinos,,P1,culinary,,,
refinamiento proceso/APPCC/notas; sin validación,,DATA5,C,"Concepto correcto, pero sensible: apertura de mejillón, aprovechamiento de carne, bechamel, empanado y fritura no pueden quedar genéricos.",,,,REC-MEJILLONES-TIGRE,Mejillones tigre,,P1,culinary,,,
refinamiento proceso/APPCC/notas; sin validación,,DATA5,C,"Fórmula plausible, pero como masa fermentada enriquecida requiere control de amasado, temperatura, incorporación de mantequilla, fermentaciones y rendimiento.",,,,REC-PAST-BRIOCHE,Masa brioche,,P1,culinary,,,
refinamiento proceso/APPCC/notas; sin validación,,DATA5,C,"Fórmula orientativa, pero laminado y fermentación son de alta sensibilidad: temperatura de masa/mantequilla, pliegues, reposos, formado y cocción no están desarrollados.",,,,REC-PAST-CROISSANT,Masa de croissant,,P1,culinary,,,
refinamiento proceso/APPCC/notas; sin validación,,DATA5,C,"Funciona más como subreceta que como producto final; falta temperatura de calentamiento, disolución de azúcar, batido hasta enfriar y uso/destino.",,,,REC-PAST-MERENGUE-SUIZO,Merengue suizo,,P1,culinary,,,
refinamiento proceso/APPCC/notas; sin validación,,DATA5,C,"Pisto plausible, aunque con berenjena como variante; el huevo convierte la ficha en servicio inmediato o requiere criterio de cuajado/conservación.",,,,REC-PISTO-MANCHEGO-HUEVO,Pisto manchego con huevo,,P1,culinary,,,
refinamiento proceso/APPCC/notas; sin validación,,DATA5,C,"Concepto correcto, pero depende de masa de pizza y salsa de tomate; el proceso no desarrolla fermentación, formado, horneado ni servicio.",,,,REC-PIZZA-MARGARITA,Pizza margarita,,P1,culinary,,,
refinamiento proceso/APPCC/notas; sin validación,,DATA5,C,"Usa huevo pasteurizado, correcto, pero revuelto cremoso exige servicio inmediato; no conviene ficha de producción diferida.",,,,REC-REVUELTO-SETAS,Revuelto cremoso de setas,,P1,culinary,,,
refinamiento proceso/APPCC/notas; sin validación,,DATA5,C,"Concepto correcto, pero depende de patatas panadera y fumet; requiere validar racionado, merma del pescado entero, punto de horno y rendimiento.",,,,REC-RODABALLO-HORNO-PANADERA,Rodaballo al horno con patata panadera,,P1,culinary,,,
refinamiento proceso/APPCC/notas; sin validación,,DATA5,C,Concepto correcto pero sensible por holandesa; salmón entero requiere merma/racionado y la salsa no admite espera prolongada.,,,,REC-SALMON-HOLANDESA-ESPARRAGOS,Salmón con holandesa y espárragos,,P1,culinary,,,
refinamiento proceso/APPCC/notas; sin validación,,DATA5,C,"Concepto válido, pero ficha no debe tratarse como producción diferida estándar: huevo cuajado en salsa requiere servicio inmediato o criterio de cuajado seguro.",,,,REC-SHAKSHUKA,Shakshuka,,P1,culinary,,,
refinamiento proceso/APPCC/notas; sin validación,,DATA5,B,"Concepto correcto; proceso genérico y debe detallar cocción de fruta, arenado del crumble y horneado hasta dorado.",,,,REC-APPLE-CRUMBLE,Crumble de manzana,,P2,culinary,,,
refinamiento proceso/APPCC/notas; sin validación,,DATA5,B,Fórmula correcta; proceso genérico y depende de picada de ajo y perejil. Falta control de agua de vegetación.,,,,REC-CHAMPINONES-SALTEADOS,Champiñones salteados,,P2,culinary,,,
refinamiento proceso/APPCC/notas; sin validación,,DATA5,B,"Concepto defendible; proceso insuficientemente específico para dorado, sofrito, reducción y control de grasa del cordero.",,,,REC-CORDERO-CHILINDRON,Cordero al chilindrón,,P2,culinary,,,
refinamiento proceso/APPCC/notas; sin validación,,DATA5,B,"Fórmula plausible; proceso genérico y no describe reposo de masa, engrase con unto/manteca, extendido fino ni cocción por ambas caras.",,,,REC-FILLOAS-LECHE,Filloas de leche,,P2,culinary,,,
refinamiento proceso/APPCC/notas; sin validación,,DATA5,B,Fórmula plausible; proceso genérico y conservación indica frío/caliente de forma incoherente para pasta seca.,,,,REC-GALLETAS-MANTEQUILLA,Galletas de mantequilla,,P2,culinary,,,
refinamiento proceso/APPCC/notas; sin validación,,DATA5,B,"Fórmula correcta como propuesta docente; proceso demasiado genérico y no explicita triturado fino, ajuste de textura ni alérgeno sésamo del tahini.",,,,REC-HUMMUS,Hummus de garbanzo,,P2,culinary,,,
refinamiento proceso/APPCC/notas; sin validación,,DATA5,B,"Fórmula correcta; proceso genérico pese a que la ficha exige gelatinización, enfriado completo, corte, rebozado y fritura.",,,,REC-LECHE-FRITA,Leche frita,,P2,culinary,,,
refinamiento proceso/APPCC/notas; sin validación,,DATA5,B,"Fórmula coherente; proceso genérico para reposo, estirado fino, formado y fritura.",,,,REC-OREJAS-CARNAVAL,Orejas de carnaval,,P2,culinary,,,
refinamiento proceso/APPCC/notas; sin validación,,DATA5,B,"Fórmula defendible; falta proceso específico de batido, reposo en frío, dosificado, azúcar/copete y horneado.",,,,REC-PAST-MAGDALENA,Masa de magdalena clásica,,P2,culinary,,,
refinamiento proceso/APPCC/notas; sin validación,,DATA5,B,"Concepto correcto y usada por otra ficha; falta proceso específico de corte, pochado/horneado, cebolla y punto meloso.",,,,REC-PATATAS-PANADERA,Patatas panadera,,P2,culinary,,,
refinamiento proceso/APPCC/notas; sin validación,,DATA5,B,"Fórmula plausible, pero falta técnica específica: cocción previa, secado, dorado en grasa y acabado con mantequilla/perejil.",,,,REC-PATATAS-RISOLADAS,Patatas risoladas,,P2,culinary,,,
refinamiento proceso/APPCC/notas; sin validación,,DATA5,B,"Fórmula defendible como guiso docente; falta proceso específico de dorado del pollo, sofrito de pimientos/tomate, reducción de vino y cocción tapada.",,,,REC-POLLO-CHILINDRON,Pollo al chilindrón,,P2,culinary,,,
refinamiento proceso/APPCC/notas; sin validación,,DATA5,B,"Fórmula correcta; falta cocción, escurrido, secado, tamizado/prensado y emulsión con leche/mantequilla.",,,,REC-PURE-PATATA,Puré de patata clásico,,P2,culinary,,,
refinamiento proceso/APPCC/notas; sin validación,,DATA5,B,Fórmula plausible; proceso demasiado genérico para una ratatouille: conviene cocción separada/parcial de hortalizas y control de humedad.,,,,REC-RATATOUILLE,Ratatouille,,P2,culinary,,,
refinamiento proceso/APPCC/notas; sin validación,,DATA5,B,"Fórmula correcta, pero proceso menos específico que gazpacho; falta explicar triturado/emulsión, enfriado, guarnición y uso de huevo cocido.",,,,REC-SALMOREJO-CORDOBES,Salmorejo cordobés,,P2,culinary,,,
refinamiento proceso/APPCC/notas; sin validación,,DATA5,B,"Fórmula correcta como versión con brioche; proceso genérico para infusionado, remojo, rebozado y fritura.",,,,REC-TORRIJAS,Torrijas de leche,,P2,culinary,,,
refinamiento proceso/APPCC/notas; sin validación,,DATA5,B,Concepto docente útil; proceso genérico y mezcla hortalizas de tiempos distintos.,,,,REC-VERDURAS-SALTEADAS,Verduras salteadas de temporada,,P2,culinary,,,
refinamiento proceso/APPCC/notas; sin validación,,DATA5,B,"Fórmula correcta; falta técnica de glaseado: líquido justo, mantequilla/azúcar, reducción brillante y punto tierno.",,,,REC-ZANAHORIAS-GLASEADAS,Zanahorias glaseadas,,P2,culinary,,,
refinamiento proceso/APPCC/notas; sin validación,,DATA5,A,"Ficha bastante correcta como propuesta documental: fórmula y proceso contemplan lavado/desinfección, emulsión, frío y servicio. Solo queda validar rendimiento/litros.",,,,REC-GAZPACHO-ANDALUZ,Gazpacho andaluz,,P3,culinary,,,
refinamiento proceso/APPCC/notas; sin validación,,DATA5,A,"Ficha ya está bastante corregida: proceso específico de infusión, cocción, azúcar final y enfriado. Queda pendiente por rendimiento real y textura.",,,,REC-PAST-ARROZ-LECHE,Arroz con leche cremoso,,P3,culinary,,,
refinamiento proceso/APPCC/notas; sin validación,,DATA5,D,"Registro culinario con familia de panadería. Hay focaccias específicas en bakery_recipes; el proceso es genérico y no describe amasado, pliegues, fermentación, greñado/aceitado, alveolado ni cocción.",,,,REC-FOCACCIA,Focaccia,,P1,culinary,,,
refinamiento proceso/APPCC/notas; sin validación,,DATA5,D,"Masa de empanada gallega ubicada como culinary_recipe y con proceso genérico. No define reposo, amasado, formado, relación con relleno, cocción ni si representa una versión con grasa/aceite de zaragallada.",,,,REC-MASA-EMPANADA,Masa de empanada gallega,,P1,culinary,,,
refinamiento proceso/APPCC/notas; sin validación,,DATA5,D,"Subreceta usada por REC-PIZZA-MARGARITA. Fórmula plausible, pero el proceso no define amasado, reposo, fermentación, boleado, estirado, horneado ni conservación de masa.",,,,REC-MASA-PIZZA,Masa de pizza,,P1,culinary,,,
refinamiento proceso/APPCC/notas; sin validación,,DATA5,D,"Pan común registrado como culinary_recipe. Proceso genérico y notas incoherentes para pan: indican servicio ≥65 °C/abatimiento/regeneración, impropio de pan común salvo servicio caliente específico.",,,,REC-PAN-BASICO,Pan común,,P1,culinary,,,
refinamiento proceso/APPCC/notas; sin validación,,DATA5,D,"Nombre “Pan gallego básico” con harina del país e hidratación alta, pero proceso genérico y coexistencia con versiones específicas en bakery_recipes. No debe confundirse con figura protegida ni con pan gallego validado.",,,,REC-PAN-GALLEGO,Pan gallego básico,,P1,culinary,,,
refinamiento proceso/APPCC/notas; sin validación,,DATA5,D,"Usada por 6 fichas. La denominación “30 °Brix” no queda defendida: 0,5 kg azúcar + 0,7 l agua se aproxima más a un jarabe superior a 30 °Brix antes de evaporación; el proceso no mide refractómetro ni punto.",,,,REC-PAST-ALMIBAR-30,Almíbar 30 °Brix orientativo para calar,,P1,culinary,,,
refinamiento proceso/APPCC/notas; sin validación,,DATA5,D,"Fórmula coherente para pasta quebrada dulce, pero el proceso está claramente contaminado por una plantilla de pasta italiana. Además se usa indebidamente en Quiche lorraine, ya bloqueada.",,,,REC-PAST-QUEBRADA-DULCE,Pasta quebrada dulce,,P1,culinary,,,
refinamiento proceso/APPCC/notas; sin validación,,DATA5,C,"Fórmula plausible, pero al usarse en varias tartas necesita proceso más técnico: montado, temperatura de huevo, punto de cinta/rubán, plegado, cocción y enfriado. Rendimiento no validado.",,,,REC-PAST-GENOVES,Bizcocho genovés,,P1,culinary,,,
refinamiento proceso/APPCC/notas; sin validación,,DATA5,C,"Fórmula plausible de hojaldre, pero el proceso es genérico y no define amasijo, empaste, reposos, vueltas, control térmico, estirado, cocción ni pérdida de capas.",,,,REC-PAST-HOJALDRE-BASE,Hojaldre,,P1,culinary,,,
refinamiento proceso/APPCC/notas; sin validación,,DATA5,C,"Fórmula defendible, pero el proceso genérico no describe montado progresivo, incorporación de azúcares, escudillado, secado/horneado ni conservación. Usada por Pavlova.",,,,REC-PAST-MERENGUE-FRANCES,Merengue francés,,P1,culinary,,,
refinamiento proceso/APPCC/notas; sin validación,,DATA5,B,"Fórmula simple y defendible; falta detalle de escudillado, grosor, cocción corta, desmolde y enrollado sin rotura.",,,,REC-PAST-BIZCOCHO-PLANCHA,Bizcocho plancha para enrollar,,P2,culinary,,,
refinamiento proceso/APPCC/notas; sin validación,,DATA5,B,"Fórmula defendible como compota; proceso demasiado genérico para pelado/corte, cocción, textura final, acidez y abatimiento.",,,,REC-PAST-MANZANA-COMPOTA,Compota de manzana,,P2,culinary,,,
refinamiento proceso/APPCC/notas; sin validación,,DATA5,B,"Es una de las fichas más técnicas del grupo y el proceso ya indica 118-121 °C. Falta precisar uso inmediato, enfriado real, estabilidad, límites de conservación y dependencia del termómetro.",,,,REC-PAST-MERENGUE-ITALIANO,Merengue italiano,,P2,culinary,,,
revisión técnica de porcentajes/notas/fermentación; yield_status pending,Gluten | Huevos | Leche,DATA6,,,FAM_BAK_MASA_ENRIQUECIDA,20.0,25.0,babka-chocolate,Babka chocolate,Levadura directa,,bakery,1.5,16.0,2.0
revisión técnica de porcentajes/notas/fermentación; yield_status pending,Gluten,DATA6,,,FAM_BAK_BAGEL_PRETZEL_BAO,0,55.0,bagel-clasico,Bagel clásico,Levadura directa,,bakery,1.8,5.0,1.0
revisión técnica de porcentajes/notas/fermentación; yield_status pending,Gluten | Sésamo,DATA6,,,FAM_BAK_BAGEL_PRETZEL_BAO,0,55.0,bagel-con-semillas,Bagel con semillas,Levadura directa,,bakery,1.8,5.0,1.0
revisión técnica de porcentajes/notas/fermentación; yield_status pending,Gluten,DATA6,,,FAM_BAK_PAN_CON_PREFERMENTO,0,70.0,baguette-con-poolish,Baguette con poolish,Poolish,,bakery,2.0,0,0.2
revisión técnica de porcentajes/notas/fermentación; yield_status pending,Gluten,DATA6,,,FAM_BAK_PAN_CON_MASA_MADRE,0,70.0,baguette-de-masa-madre-liquida,Baguette de masa madre líquida,Masa madre líquida,,bakery,2.0,0,0
revisión técnica de porcentajes/notas/fermentación; yield_status pending,Gluten,DATA6,,,FAM_BAK_PAN_MAGRO,0,68.0,baguette-francesa-directa,Baguette francesa directa,Levadura directa,,bakery,2.0,0,0.3
revisión técnica de porcentajes/notas/fermentación; yield_status pending,Gluten,DATA6,,,FAM_BAK_BAGEL_PRETZEL_BAO,4.0,58.0,bao-al-vapor,Bao al vapor,Levadura directa,,bakery,1.8,12.0,1.0
revisión técnica de porcentajes/notas/fermentación; yield_status pending,Gluten | Huevos | Leche,DATA6,,,FAM_BAK_MASA_ENRIQUECIDA,22.0,25.0,bica-de-laza,Bica de Laza,Levadura directa,,bakery,1.0,35.0,0
revisión técnica de porcentajes/notas/fermentación; yield_status pending,Gluten | Leche,DATA6,,,FAM_BAK_MASA_ENRIQUECIDA,8.0,60.0,bollo-de-hamburguesa,Bollo de hamburguesa,Levadura directa,,bakery,2.0,5.0,1.5
revisión técnica de porcentajes/notas/fermentación; yield_status pending,Gluten | Huevos | Leche,DATA6,,,FAM_BAK_MASA_ENRIQUECIDA,12.0,35.0,bollo-suizo,Bollo suizo,Levadura directa,,bakery,1.5,16.0,2.5
revisión técnica de porcentajes/notas/fermentación; yield_status pending,Gluten | Huevos | Leche,DATA6,,,FAM_BAK_MASA_ENRIQUECIDA,50.0,10.0,brioche-alta-mantequilla-50,Brioche alta mantequilla 50%,Levadura directa,,bakery,1.5,18.0,1.8
revisión técnica de porcentajes/notas/fermentación; yield_status pending,Gluten | Huevos | Soja | Leche,DATA6,,,FAM_BAK_MASA_ENRIQUECIDA,28.0,22.0,brioche-de-chocolate,Brioche de chocolate,Levadura directa,,bakery,1.5,16.0,1.8
revisión técnica de porcentajes/notas/fermentación; yield_status pending,Gluten | Huevos | Leche,DATA6,,,FAM_BAK_MASA_ENRIQUECIDA,20.0,20.0,brioche-directo-20-mantequilla,Brioche directo 20% mantequilla,Levadura directa,,bakery,1.5,16.0,2.0
revisión técnica de porcentajes/notas/fermentación; yield_status pending,Gluten | Huevos | Soja | Leche,DATA6,,,FAM_BAK_MASA_ENRIQUECIDA,35.0,15.6,brioche-modernista-con-lecitina,Brioche modernista con lecitina,Levadura directa,,bakery,1.5,15.0,1.8
revisión técnica de porcentajes/notas/fermentación; yield_status pending,Gluten | Soja,DATA6,,,FAM_BAK_MASA_ENRIQUECIDA,35.0,58.7,brioche-vegano,Brioche vegano,Levadura directa,,bakery,1.6,16.0,2.0
revisión técnica de porcentajes/notas/fermentación; yield_status pending,Gluten,DATA6,,,FAM_BAK_PAN_DE_CENTENO,0,78.0,centeno-60-masa-madre,Centeno 60% masa madre,Masa madre líquida,,bakery,2.0,0,0
revisión técnica de porcentajes/notas/fermentación; yield_status pending,Gluten,DATA6,,,FAM_BAK_PAN_DE_CENTENO,0,82.0,centeno-80-tres-pasos,Centeno 80% tres pasos,Masa madre líquida,,bakery,2.0,0,0
revisión técnica de porcentajes/notas/fermentación; yield_status pending,Gluten | Huevos,DATA6,,,FAM_BAK_MASA_ENRIQUECIDA,10.0,48.0,challah-clasica,Challah clásica,Levadura directa,,bakery,1.8,10.0,1.5
revisión técnica de porcentajes/notas/fermentación; yield_status pending,Gluten,DATA6,,,FAM_BAK_PAN_ALTA_HIDRATACION,3.0,82.0,ciabatta-con-poolish,Ciabatta con poolish,Poolish,,bakery,2.0,0,0.2
revisión técnica de porcentajes/notas/fermentación; yield_status pending,Gluten,DATA6,,,FAM_BAK_PAN_ALTA_HIDRATACION,3.0,80.0,ciabatta-directa,Ciabatta directa,Levadura directa,,bakery,2.0,0,0.3
revisión técnica de porcentajes/notas/fermentación; yield_status pending,Gluten,DATA6,,,FAM_BAK_PAN_ALTA_HIDRATACION,3.0,82.0,ciabatta-masa-madre-liquida,Ciabatta masa madre líquida,Masa madre líquida,,bakery,2.0,0,0
revisión técnica de porcentajes/notas/fermentación; yield_status pending,Gluten | Leche,DATA6,,,FAM_BAK_LAMINADO,38.0,55.0,croissant-con-biga-firme,Croissant con biga firme,Biga,,bakery,1.8,8.0,0.5
revisión técnica de porcentajes/notas/fermentación; yield_status pending,Gluten | Leche,DATA6,,,FAM_BAK_LAMINADO,38.0,55.0,croissant-con-poolish,Croissant con poolish,Poolish,,bakery,1.8,8.0,0.5
revisión técnica de porcentajes/notas/fermentación; yield_status pending,Gluten | Leche,DATA6,,,FAM_BAK_LAMINADO,38.0,55.0,croissant-directo,Croissant directo,Levadura directa,,bakery,1.8,8.0,0.7
revisión técnica de porcentajes/notas/fermentación; yield_status pending,,DATA6,,,FAM_BAK_PAN_FERMENTADO_SIN_GLUTEN,0,308.0,dosa-fermentada,Dosa fermentada,Fermentación espontánea,,bakery,0.8,0,0
revisión técnica de porcentajes/notas/fermentación; yield_status pending,Gluten | Leche | Sulfitos,DATA6,,,FAM_BAK_MASA_SALADA_NO_FERMENTADA,20.0,60.0,empanada-espana,Empanada España,No fermenta,,bakery,0.8,0,0
revisión técnica de porcentajes/notas/fermentación; yield_status pending,Gluten | Sésamo,DATA6,,,FAM_BAK_PAN_CON_MASA_MADRE,0,72.0,five-grain-levain,Five-grain levain,Masa madre líquida,,bakery,2.0,0,0
revisión técnica de porcentajes/notas/fermentación; yield_status pending,Gluten,DATA6,,,FAM_BAK_PAN_PLANO,6.0,78.0,focaccia-con-poolish,Focaccia con poolish,Poolish,,bakery,2.0,0,1.0
revisión técnica de porcentajes/notas/fermentación; yield_status pending,Gluten,DATA6,,,FAM_BAK_PAN_PLANO,6.0,80.0,focaccia-de-masa-madre,Focaccia de masa madre,Masa madre líquida,,bakery,2.0,0,0
revisión técnica de porcentajes/notas/fermentación; yield_status pending,Gluten,DATA6,,,FAM_BAK_PAN_PLANO,6.0,78.0,focaccia-directa,Focaccia directa,Levadura directa,,bakery,2.0,0,2.0
revisión técnica de porcentajes/notas/fermentación; yield_status pending,Gluten,DATA6,,,FAM_BAK_PAN_PLANO,0,78.0,fougasse-de-hierbas,Fougasse de hierbas,Levadura directa,,bakery,1.8,0,2.0
revisión técnica de porcentajes/notas/fermentación; yield_status pending,Gluten | Leche,DATA6,,,FAM_BAK_LAMINADO,41.0,48.0,hojaldre-fermentado,Hojaldre fermentado,Levadura directa,,bakery,1.5,6.0,0.6
revisión técnica de porcentajes/notas/fermentación; yield_status pending,,DATA6,,,FAM_BAK_PAN_FERMENTADO_SIN_GLUTEN,0,270.0,idli-fermentado,Idli fermentado,Fermentación espontánea,,bakery,0.8,0,0
revisión técnica de porcentajes/notas/fermentación; yield_status pending,Gluten | Leche,DATA6,,,FAM_BAK_PAN_CRUJIENTE,12.0,55.0,kn-ckebr-d-sueco,Knäckebröd sueco,Levadura directa,,bakery,1.8,8.0,2.0
revisión técnica de porcentajes/notas/fermentación; yield_status pending,Gluten | Huevos | Leche,DATA6,,,FAM_BAK_MASA_ENRIQUECIDA,10.0,38.0,larpeira-gallega,Larpeira gallega,Levadura directa,,bakery,1.5,18.0,4.0
revisión técnica de porcentajes/notas/fermentación; yield_status pending,Gluten,DATA6,,,FAM_BAK_PAN_PLANO,4.0,68.0,lavash-suave,Lavash suave,Levadura directa,,bakery,1.8,0,1.0
revisión técnica de porcentajes/notas/fermentación; yield_status pending,Leche,DATA6,,,FAM_BAK_BASE_TECNICA,0,0,mezcla-de-harinas-sin-gluten-base,Mezcla de harinas sin gluten base,No fermenta,,bakery,0,0,0
revisión técnica de porcentajes/notas/fermentación; yield_status pending,Gluten | Leche,DATA6,,,FAM_BAK_PAN_PLANO,2.0,45.0,naan-con-yogur,Naan con yogur,Levadura directa,,bakery,1.8,0,1.0
revisión técnica de porcentajes/notas/fermentación; yield_status pending,Gluten | Soja | Leche,DATA6,,,FAM_BAK_LAMINADO,40.0,55.0,pain-au-chocolat,Pain au chocolat,Levadura directa,,bakery,1.8,8.0,0.7
revisión técnica de porcentajes/notas/fermentación; yield_status pending,Gluten,DATA6,,,FAM_BAK_PAN_CON_PREFERMENTO,0,72.0,pain-de-campagne-con-poolish,Pain de campagne con poolish,Poolish,,bakery,2.0,0,0.2
revisión técnica de porcentajes/notas/fermentación; yield_status pending,Gluten,DATA6,,,FAM_BAK_PAN_RUSTICO,0,74.0,pain-de-campagne-directo-bertinet,Pain de campagne directo bertinet,Levadura directa,,bakery,2.0,0,0.3
revisión técnica de porcentajes/notas/fermentación; yield_status pending,Gluten,DATA6,,,FAM_BAK_PAN_CON_MASA_MADRE,0,74.0,pain-de-campagne-masa-madre,Pain de campagne masa madre,Masa madre líquida,,bakery,2.0,0,0
revisión técnica de porcentajes/notas/fermentación; yield_status pending,Gluten,DATA6,,,FAM_BAK_PAN_CANDEAL,0,50.0,pan-candeal-con-biga,Pan candeal con biga,Biga,,bakery,1.8,0,0.2
revisión técnica de porcentajes/notas/fermentación; yield_status pending,Gluten,DATA6,,,FAM_BAK_PAN_CANDEAL,0,50.0,pan-candeal-refinado-directo,Pan candeal refinado directo,Levadura directa,,bakery,1.8,0,0.3
revisión técnica de porcentajes/notas/fermentación; yield_status pending,Gluten,DATA6,,,FAM_BAK_PAN_CON_INCLUSION,0,72.0,pan-con-aceitunas,Pan con aceitunas,Masa madre líquida,,bakery,2.0,0,0
revisión técnica de porcentajes/notas/fermentación; yield_status pending,Gluten | Frutos de cáscara | Sulfitos,DATA6,,,FAM_BAK_PAN_CON_INCLUSION,0,68.0,pan-con-avellanas-y-ciruelas,Pan con avellanas y ciruelas,Masa madre líquida,,bakery,2.0,0,0
revisión técnica de porcentajes/notas/fermentación; yield_status pending,Gluten,DATA6,,,FAM_BAK_PAN_CON_INCLUSION,0,81.0,pan-con-manzana-y-miel,Pan con manzana y miel,Masa madre líquida,,bakery,2.0,5.0,0
revisión técnica de porcentajes/notas/fermentación; yield_status pending,Gluten | Frutos de cáscara | Sulfitos,DATA6,,,FAM_BAK_PAN_CON_INCLUSION,0,70.0,pan-con-nueces-y-pasas,Pan con nueces y pasas,Masa madre líquida,,bakery,2.0,0,0
revisión técnica de porcentajes/notas/fermentación; yield_status pending,Gluten | Leche,DATA6,,,FAM_BAK_PAN_CON_INCLUSION,0,65.0,pan-con-queso-curado,Pan con queso curado,Masa madre líquida,,bakery,2.0,0,0
revisión técnica de porcentajes/notas/fermentación; yield_status pending,Gluten,DATA6,,,FAM_BAK_PAN_CON_INCLUSION,0,78.0,pan-de-batata-asada,Pan de batata asada,Masa madre líquida,,bakery,2.0,0,0
revisión técnica de porcentajes/notas/fermentación; yield_status pending,Gluten,DATA6,,,FAM_BAK_PAN_CON_INCLUSION,0,55.0,pan-de-calabaza-especiado,Pan de calabaza especiado,Masa madre líquida,,bakery,2.0,0,0
revisión técnica de porcentajes/notas/fermentación; yield_status pending,Gluten,DATA6,,,FAM_BAK_PAN_ALTA_HIDRATACION,0,100.0,pan-de-cristal,Pan de cristal,Levadura directa,,bakery,2.0,0,0.15
revisión técnica de porcentajes/notas/fermentación; yield_status pending,Gluten,DATA6,,,FAM_BAK_ALTA_HIDRATACION,2.0,95.0,pan-de-cristal-pedro,Pan de cristal pedro,Poolish,,bakery,2.0,0,0.4
revisión técnica de porcentajes/notas/fermentación; yield_status pending,Gluten,DATA6,,,FAM_BAK_PAN_DIRECTO,0,70.0,pan-de-espelta-100,Pan de espelta 100%,Levadura directa,,bakery,2.0,0,0.3
revisión técnica de porcentajes/notas/fermentación; yield_status pending,Gluten,DATA6,,,FAM_BAK_PAN_CON_MASA_MADRE,0,72.0,pan-de-espelta-masa-madre,Pan de espelta masa madre,Masa madre líquida,,bakery,2.0,0,0
revisión técnica de porcentajes/notas/fermentación; yield_status pending,Gluten | Sulfitos,DATA6,,,FAM_BAK_PAN_CON_INCLUSION,0,68.0,pan-de-higos-secos,Pan de higos secos,Masa madre líquida,,bakery,2.0,0,0
revisión técnica de porcentajes/notas/fermentación; yield_status pending,Gluten | Leche,DATA6,,,FAM_BAK_PAN_CON_MASA_MADRE,0,70.0,pan-de-kamut-con-kefir,Pan de kamut con kéfir,Masa madre líquida,,bakery,2.0,0,0
revisión técnica de porcentajes/notas/fermentación; yield_status pending,Gluten | Leche,DATA6,,,FAM_BAK_MASA_ENRIQUECIDA,8.0,60.0,pan-de-leche-directo,Pan de leche directo,Levadura directa,,bakery,1.8,8.0,1.5
revisión técnica de porcentajes/notas/fermentación; yield_status pending,Gluten,DATA6,,,FAM_BAK_PAN_CON_PREFERMENTO,0,75.0,pan-de-maiz-con-trigo,Pan de maíz con trigo,Masa madre líquida,,bakery,2.0,0,0
revisión técnica de porcentajes/notas/fermentación; yield_status pending,Gluten | Frutos de cáscara,DATA6,,,FAM_BAK_PAN_CON_INCLUSION,0,77.0,pan-de-membrillo-y-nuez,Pan de membrillo y nuez,Masa madre líquida,,bakery,2.0,0,0
revisión técnica de porcentajes/notas/fermentación; yield_status pending,Gluten | Leche,DATA6,,,FAM_BAK_PAN_DE_MOLDE,5.0,55.0,pan-de-molde-directo,Pan de molde directo,Levadura directa,,bakery,1.8,5.0,2.5
revisión técnica de porcentajes/notas/fermentación; yield_status pending,Gluten | Soja,DATA6,,,FAM_BAK_PAN_DE_MOLDE,5.0,64.4,pan-de-molde-modernista,Pan de molde modernista,Levadura directa,,bakery,1.8,5.0,1.5
revisión técnica de porcentajes/notas/fermentación; yield_status pending,Gluten | Mostaza,DATA6,,,FAM_BAK_PAN_CON_INCLUSION,0,72.0,pan-de-mostaza-y-cerveza,Pan de mostaza y cerveza,Masa madre líquida,,bakery,2.0,0,0
revisión técnica de porcentajes/notas/fermentación; yield_status pending,Gluten,DATA6,,,FAM_BAK_PAN_CON_INCLUSION,0,80.0,pan-de-patata-con-poolish,Pan de patata con poolish,Poolish,,bakery,2.0,0,0.3
revisión técnica de porcentajes/notas/fermentación; yield_status pending,Gluten,DATA6,,,FAM_BAK_PAN_CON_INCLUSION,0,73.0,pan-de-patata-y-cebolla-asada,Pan de patata y cebolla asada,Masa madre líquida,,bakery,2.0,0,0
revisión técnica de porcentajes/notas/fermentación; yield_status pending,Gluten | Sésamo,DATA6,,,FAM_BAK_PAN_CON_MASA_MADRE,0,75.0,pan-de-teff-con-semillas,Pan de teff con semillas,Masa madre líquida,,bakery,2.0,0,0
revisión técnica de porcentajes/notas/fermentación; yield_status pending,Gluten,DATA6,,,FAM_BAK_PAN_CON_PREFERMENTO,0,68.0,pan-de-trigo-duro-con-poolish,Pan de trigo duro con poolish,Poolish,,bakery,2.0,0,0.3
revisión técnica de porcentajes/notas/fermentación; yield_status pending,Gluten | Sésamo,DATA6,,,FAM_BAK_PAN_CON_MASA_MADRE,0,68.0,pan-de-trigo-duro-con-sesamo,Pan de trigo duro con sésamo,Masa madre líquida,,bakery,2.0,0,0
revisión técnica de porcentajes/notas/fermentación; yield_status pending,Gluten | Frutos de cáscara,DATA6,,,FAM_BAK_PAN_CON_INCLUSION,0,83.0,pan-de-zanahoria-y-nuez,Pan de zanahoria y nuez,Masa madre líquida,,bakery,2.0,0,0
revisión técnica de porcentajes/notas/fermentación; yield_status pending,Gluten,DATA6,,,FAM_BAK_PAN_GALLEGO,0,75.0,pan-gallego-con-poolish,Pan gallego con poolish,Poolish,,bakery,2.0,0,0.2
revisión técnica de porcentajes/notas/fermentación; yield_status pending,Gluten,DATA6,,,FAM_BAK_PAN_GALLEGO,0,76.0,pan-gallego-de-masa-madre,Pan gallego de masa madre,Masa madre líquida,,bakery,2.0,0,0
revisión técnica de porcentajes/notas/fermentación; yield_status pending,Gluten,DATA6,,,FAM_BAK_PAN_GALLEGO,0,75.0,pan-gallego-directo,Pan gallego directo,Levadura directa,,bakery,2.0,0,0.3
revisión técnica de porcentajes/notas/fermentación; yield_status pending,Gluten,DATA6,,,FAM_BAK_PAN_INTEGRAL,0,78.0,pan-integral-100-con-poolish,Pan integral 100% con poolish,Poolish,,bakery,2.0,0,0.1
revisión técnica de porcentajes/notas/fermentación; yield_status pending,Gluten,DATA6,,,FAM_BAK_PAN_INTEGRAL,0,70.0,pan-integral-rustico-directo,Pan integral rústico directo,Levadura directa,,bakery,2.0,0,0.3
revisión técnica de porcentajes/notas/fermentación; yield_status pending,Leche | Sésamo,DATA6,,,FAM_BAK_PAN_SIN_GLUTEN,0,95.0,pan-integral-sin-gluten-con-semillas,Pan integral sin gluten con semillas,Levadura directa,,bakery,1.8,2.0,1.0
revisión técnica de porcentajes/notas/fermentación; yield_status pending,Gluten | Sésamo,DATA6,,,FAM_BAK_PAN_CON_MASA_MADRE,0,78.0,pan-multicereal-con-semillas,Pan multicereal con semillas,Masa madre líquida,,bakery,2.0,0,0
revisión técnica de porcentajes/notas/fermentación; yield_status pending,Gluten | Leche,DATA6,,,FAM_BAK_PAN_PLANO_TIERNO,4.0,58.0,pan-para-kebab,Pan para kebab,Levadura directa,,bakery,1.8,2.0,1.5
revisión técnica de porcentajes/notas/fermentación; yield_status pending,Gluten,DATA6,,,FAM_BAK_PAN_DIRECTO,0,85.0,pan-rapido-pedro,Pan rápido,Directo con levadura seca,,bakery,2.0,0,1.5
revisión técnica de porcentajes/notas/fermentación; yield_status pending,Huevos,DATA6,,,FAM_BAK_PAN_SIN_GLUTEN,5.0,90.0,pan-sin-gluten-basico,Pan sin gluten básico,Levadura directa,,bakery,1.8,3.0,1.0
revisión técnica de porcentajes/notas/fermentación; yield_status pending,Gluten | Huevos | Leche | Sulfitos,DATA6,,,FAM_BAK_MASA_ENRIQUECIDA,40.0,32.0,panettone-modernista-simplificado,Panettone modernista simplificado,Masa madre sólida,,bakery,1.2,33.0,0
revisión técnica de porcentajes/notas/fermentación; yield_status pending,Gluten,DATA6,,,FAM_BAK_PAN_PLANO,2.0,66.0,pita-integral,Pita integral,Levadura directa,,bakery,1.8,0,1.0
revisión técnica de porcentajes/notas/fermentación; yield_status pending,Gluten,DATA6,,,FAM_BAK_PIZZA,0,64.0,pizza-con-poolish-24-h,Pizza con poolish 24 h,Poolish,,bakery,2.5,0,0.1
revisión técnica de porcentajes/notas/fermentación; yield_status pending,Gluten,DATA6,,,FAM_BAK_PIZZA,3.0,64.0,pizza-estilo-nueva-york,Pizza estilo nueva york,Levadura directa,,bakery,2.2,2.0,0.3
revisión técnica de porcentajes/notas/fermentación; yield_status pending,Gluten,DATA6,,,FAM_BAK_PIZZA,0,62.0,pizza-napolitana-directa-48-h,Pizza napolitana directa 48 h,Levadura directa,,bakery,2.5,0,0.2
revisión técnica de porcentajes/notas/fermentación; yield_status pending,Gluten,DATA6,,,FAM_BAK_PIZZA,5.0,72.0,pizza-siciliana-en-bandeja,Pizza siciliana en bandeja,Poolish,,bakery,2.2,0,0.2
revisión técnica de porcentajes/notas/fermentación; yield_status pending,Gluten,DATA6,,,FAM_BAK_BAGEL_PRETZEL_BAO,4.0,54.0,pretzel-clasico,Pretzel clásico,Levadura directa,,bakery,1.8,2.0,1.0
revisión técnica de porcentajes/notas/fermentación; yield_status pending,Gluten,DATA6,,,FAM_BAK_BAGEL_PRETZEL_BAO,4.0,54.0,pretzel-modernista-con-hpmc,Pretzel modernista con HPMC,Levadura directa,,bakery,1.8,2.0,1.0
revisión técnica de porcentajes/notas/fermentación; yield_status pending,Gluten | Leche,DATA6,,,FAM_BAK_PAN_DE_CENTENO,0,90.0,pumpernickel-bavaro,Pumpernickel bávaro,Masa madre líquida,,bakery,2.0,6.0,0
revisión técnica de porcentajes/notas/fermentación; yield_status pending,Gluten,DATA6,,,FAM_BAK_PAN_DE_CENTENO,0,82.0,roggenbrot-90,Roggenbrot 90%,Masa madre líquida,,bakery,2.0,0,0
revisión técnica de porcentajes/notas/fermentación; yield_status pending,Gluten | Huevos | Leche,DATA6,,,FAM_BAK_MASA_ENRIQUECIDA,15.0,34.0,roscon-de-reyes-directo,Roscón de reyes directo,Levadura directa,,bakery,1.0,22.0,4.0
revisión técnica de porcentajes/notas/fermentación; yield_status pending,Gluten | Sésamo,DATA6,,,FAM_BAK_PAN_DE_CENTENO,0,90.0,rugbr-d-nordico,Rugbrød nórdico,Masa madre líquida,,bakery,2.0,0,0
revisión técnica de porcentajes/notas/fermentación; yield_status pending,Gluten | Leche,DATA6,,,FAM_BAK_PAN_DE_MOLDE,8.0,62.0,shokupan-tangzhong,Shokupan tangzhong,Levadura directa,,bakery,1.6,7.0,2.5
revisión técnica de porcentajes/notas/fermentación; yield_status pending,Gluten,DATA6,,,FAM_BAK_PAN_FERMENTADO_CON_CEREALES,0,220.0,teff-injera,Teff injera,Fermentación espontánea,,bakery,1.0,0,0
revisión técnica de porcentajes/notas/fermentación; yield_status pending,Gluten | Huevos | Leche,DATA6,,,FAM_BAK_BOLLERIA_DULCE_ENRIQUECIDA,17.0,40.0,torta-de-nata-pedro,Torta de nata,Biga,,bakery,0.8,8.0,1.0
revisión técnica de porcentajes/notas/fermentación; yield_status pending,Gluten,DATA6,,,FAM_BAK_PAN_CON_MASA_MADRE,0,65.0,vermont-masa-madre-solida,Vermont masa madre sólida,Masa madre sólida,,bakery,1.8,0,0
revisión técnica de porcentajes/notas/fermentación; yield_status pending,Gluten,DATA6,,,FAM_BAK_PAN_CON_MASA_MADRE,0,65.0,vermont-sourdough,Vermont sourdough,Masa madre líquida,,bakery,1.8,0,0
revisión técnica de porcentajes/notas/fermentación; yield_status pending,Gluten,DATA6,,,FAM_BAK_PAN_DE_CENTENO,0,85.0,vollkornbrot-con-linaza,Vollkornbrot con linaza,Masa madre líquida,,bakery,2.0,0,0
